# Made in Blockbench 4.6.5
mtllib Player.mtl

o mesh
v 0.0636707954108715 1.7406656742095947 -0.05688970163464546
v 0.0023041963577270508 1.7429430484771729 -0.07447472214698792
v 0.0023041963577270508 1.7906023263931274 -0.03397919610142708
v 0.061905842274427414 1.7723362445831299 -0.023533986881375313
v 0.033558521419763565 1.578674554824829 0.09713325649499893
v 0.056890446692705154 1.5895532369613647 0.021330341696739197
v 0.07970990240573883 1.656518816947937 0.02355033904314041
v 0.0521562322974205 1.6402339935302734 0.11538896709680557
v 0.0023041963577270508 1.7413288354873657 0.13046136498451233
v 0.0636707954108715 1.7324278354644775 0.11570029705762863
v 0.05883455649018288 1.772447943687439 0.07454673200845718
v 0.0023041963577270508 1.7875258922576904 0.09017055481672287
v 0.08339202404022217 1.7354719638824463 0.024208763614296913
v 0.06625883281230927 1.664326786994934 -0.056323401629924774
v 0.07239193469285965 1.7762724161148071 0.02436479739844799
v 0.0023041963577270508 1.5677355527877808 0.10982103645801544
v 0.0023041963577270508 1.572733759880066 0.07493484020233154
v 0.040058813989162445 1.5783530473709106 0.0575268529355526
v 0.050664644688367844 1.5909191370010376 -0.02600378729403019
v 0.0023041963577270508 1.7999188899993896 0.02610177919268608
v 0.17868326604366302 0.5411403179168701 -0.00011692588304867968
v 0.19885267317295074 0.08281178027391434 0.0025726500898599625
v 0.12787263095378876 -0.00011108264880022034 -0.03959154337644577
v 0.055855412036180496 1.513409972190857 0.05124518647789955
v 0.061731528490781784 1.5298595428466797 -0.048318587243556976
v 0.07750384509563446 1.5327510833740234 0.006359050516039133
v 0.055855412036180496 1.513409972190857 0.05124518647789955
v 0.0023041963577270508 1.5067723989486694 0.06743879616260529
v 0.26660260558128357 1.459716796875 -0.018956627696752548
v 0.6409370303153992 1.1464587450027466 0.024762187153100967
v 0.7227691411972046 1.0924980640411377 -0.06780418008565903
v 0.0023041963577270508 1.636881947517395 0.1317386031150818
v 0.0023041963577270508 1.6564610004425049 -0.07163608819246292
v 0.0023041963577270508 1.5262730121612549 -0.05967715010046959
v 0.0023041963577270508 1.5865561962127686 -0.03862453252077103
v -0.059062402695417404 1.7406656742095947 -0.05688970163464546
v -0.05729744955897331 1.7723362445831299 -0.023533986881375313
v 0.0023041963577270508 1.7906023263931274 -0.03397919610142708
v 0.0023041963577270508 1.7429430484771729 -0.07447472214698792
v -0.028950128704309464 1.578674554824829 0.09713325649499893
v -0.0475478395819664 1.6402339935302734 0.11538896709680557
v -0.07510150969028473 1.656518816947937 0.02355033904314041
v -0.05228205397725105 1.5895532369613647 0.021330341696739197
v 0.0023041963577270508 1.7875258922576904 0.09017055481672287
v -0.054226163774728775 1.772447943687439 0.07454673200845718
v -0.059062402695417404 1.7324278354644775 0.11570029705762863
v -0.07878363132476807 1.7354719638824463 0.024208763614296913
v -0.061650440096855164 1.664326786994934 -0.056323401629924774
v -0.06778354197740555 1.7762724161148071 0.02436479739844799
v -0.035450421273708344 1.5783530473709106 0.0575268529355526
v 0.0023041963577270508 1.572733759880066 0.07493484020233154
v -0.04605625197291374 1.5909191370010376 -0.02600378729403019
v 0.0023041963577270508 1.7999188899993896 0.02610177919268608
v -0.161957785487175 0.08281177282333374 0.03617073595523834
v -0.12326423823833466 -0.00011108264880022034 -0.03959154337644577
v -0.05712313577532768 1.5298595428466797 -0.048318587243556976
v -0.07289545238018036 1.5327510833740234 0.006359050516039133
v -0.051247019320726395 1.513409972190857 0.05124518647789955
v 0.0023041963577270508 1.5067723989486694 0.06743879616260529
v -0.20552510023117065 1.389121413230896 0.06563445925712585
v -0.713382363319397 1.0976096391677856 0.031317468732595444
v -0.6775364875793457 1.0974565744400024 0.04052499309182167
v 0.0023041963577270508 1.6564610004425049 -0.07163608819246292
v 0.0023041963577270508 1.5262730121612549 -0.05967715010046959
v 0.0023041963577270508 1.5865561962127686 -0.03862453252077103
v -0.07966272532939911 0.906399667263031 -0.07630778104066849
vt 0.9025191068649292 0.8788812160491943
vt 0.9581167697906494 0.9033209681510925
vt 0.9075397253036499 0.9563906192779541
vt 0.9025191068649292 0.8788812160491943
vt 0.9075397253036499 0.9563906192779541
vt 0.875874936580658 0.902495801448822
vt 0.7468665838241577 0.7387560606002808
vt 0.8420038223266602 0.7211948037147522
vt 0.8404563069343567 0.8032271265983582
vt 0.7468665838241577 0.7387560606002808
vt 0.8404563069343567 0.8032271265983582
vt 0.7563552856445312 0.798127293586731
vt 0.7130698561668396 0.8969792723655701
vt 0.7702219486236572 0.8672106862068176
vt 0.7976319789886475 0.902004063129425
vt 0.7130698561668396 0.8969792723655701
vt 0.7976319789886475 0.902004063129425
vt 0.7612722516059875 0.9492963552474976
vt 0.7563552856445312 0.798127293586731
vt 0.8404563069343567 0.8032271265983582
vt 0.8394453525543213 0.8687881827354431
vt 0.7563552856445312 0.798127293586731
vt 0.8394453525543213 0.8687881827354431
vt 0.7702219486236572 0.8672106862068176
vt 0.8420038223266602 0.7211948037147522
vt 0.9118142127990723 0.8165945410728455
vt 0.8404563069343567 0.8032271265983582
vt 0.7702219486236572 0.8672106862068176
vt 0.8394453525543213 0.8687881827354431
vt 0.8384556174278259 0.9009542465209961
vt 0.7702219486236572 0.8672106862068176
vt 0.8384556174278259 0.9009542465209961
vt 0.7976319789886475 0.902004063129425
vt 0.8394453525543213 0.8687881827354431
vt 0.9025191068649292 0.8788812160491943
vt 0.875874936580658 0.902495801448822
vt 0.8394453525543213 0.8687881827354431
vt 0.875874936580658 0.902495801448822
vt 0.8384556174278259 0.9009542465209961
vt 0.7468665838241577 0.7387560606002808
vt 0.7130696773529053 0.7273284792900085
vt 0.7410001158714294 0.7010977864265442
vt 0.7468665838241577 0.7387560606002808
vt 0.7410001158714294 0.7010977864265442
vt 0.7895305752754211 0.7207539081573486
vt 0.8420038223266602 0.7211948037147522
vt 0.9007484912872314 0.729566752910614
vt 0.9118142127990723 0.8165945410728455
vt 0.875874936580658 0.902495801448822
vt 0.9075397253036499 0.9563906192779541
vt 0.8358789682388306 0.9733390212059021
vt 0.875874936580658 0.902495801448822
vt 0.8358789682388306 0.9733390212059021
vt 0.8384556174278259 0.9009542465209961
vt 0.8384556174278259 0.9009542465209961
vt 0.8358789682388306 0.9733390212059021
vt 0.7612722516059875 0.9492963552474976
vt 0.8384556174278259 0.9009542465209961
vt 0.7612722516059875 0.9492963552474976
vt 0.7976319789886475 0.902004063129425
vt 0.9147767424583435 0.6512421369552612
vt 0.9007484912872314 0.729566752910614
vt 0.8420038223266602 0.7211948037147522
vt 0.9147767424583435 0.6512421369552612
vt 0.8420038223266602 0.7211948037147522
vt 0.8568442463874817 0.6559946537017822
vt 0.8568442463874817 0.6559946537017822
vt 0.8420038223266602 0.7211948037147522
vt 0.7895305752754211 0.7207539081573486
vt 0.8568442463874817 0.6559946537017822
vt 0.7895305752754211 0.7207539081573486
vt 0.8056658506393433 0.640967071056366
vt 0.8056658506393433 0.640967071056366
vt 0.7895305752754211 0.7207539081573486
vt 0.7410001158714294 0.7010977864265442
vt 0.8056658506393433 0.640967071056366
vt 0.7410001158714294 0.7010977864265442
vt 0.7504351139068604 0.632317841053009
vt 0.8404563069343567 0.8032271265983582
vt 0.9118142127990723 0.8165945410728455
vt 0.9025191068649292 0.8788812160491943
vt 0.8404563069343567 0.8032271265983582
vt 0.9025191068649292 0.8788812160491943
vt 0.8394453525543213 0.8687881827354431
vt 0.7130696773529053 0.7273284792900085
vt 0.7468665838241577 0.7387560606002808
vt 0.7563552856445312 0.798127293586731
vt 0.7130696773529053 0.7273284792900085
vt 0.7563552856445312 0.798127293586731
vt 0.7130696773529053 0.7960491180419922
vt 0.9118142127990723 0.8165945410728455
vt 0.9728456735610962 0.8119274377822876
vt 0.9581167697906494 0.9033209681510925
vt 0.9118142127990723 0.8165945410728455
vt 0.9581167697906494 0.9033209681510925
vt 0.9025191068649292 0.8788812160491943
vt 0.7130696773529053 0.7960491180419922
vt 0.7563552856445312 0.798127293586731
vt 0.7702219486236572 0.8672106862068176
vt 0.7130696773529053 0.7960491180419922
vt 0.7702219486236572 0.8672106862068176
vt 0.7130698561668396 0.8969792723655701
vt 0.9818016290664673 0.6626699566841125
vt 0.9615375995635986 0.7313758730888367
vt 0.9007484912872314 0.729566752910614
vt 0.9818016290664673 0.6626699566841125
vt 0.9007484912872314 0.729566752910614
vt 0.9147767424583435 0.6512421369552612
vt 0.7895305752754211 0.7207539081573486
vt 0.8420038223266602 0.7211948037147522
vt 0.7468665838241577 0.7387560606002808
vt 0.9118142127990723 0.8165945410728455
vt 0.9007484912872314 0.729566752910614
vt 0.9615375995635986 0.7313758730888367
vt 0.9118142127990723 0.8165945410728455
vt 0.9615375995635986 0.7313758730888367
vt 0.9728456735610962 0.8119274377822876
vt 0.52362060546875 0.8788819313049316
vt 0.550264835357666 0.9024959802627563
vt 0.5186002254486084 0.9563913345336914
vt 0.52362060546875 0.8788819313049316
vt 0.5186002254486084 0.9563913345336914
vt 0.46802303194999695 0.903321385383606
vt 0.6792727708816528 0.7387562394142151
vt 0.6697843074798584 0.7981275320053101
vt 0.5856832265853882 0.8032276034355164
vt 0.6792727708816528 0.7387562394142151
vt 0.5856832265853882 0.8032276034355164
vt 0.5841354131698608 0.7211953997612
vt 0.7130698561668396 0.8969792723655701
vt 0.664867639541626 0.9492965936660767
vt 0.6285077333450317 0.9020041227340698
vt 0.7130698561668396 0.8969792723655701
vt 0.6285077333450317 0.9020041227340698
vt 0.655917763710022 0.8672109842300415
vt 0.6697843074798584 0.7981275320053101
vt 0.655917763710022 0.8672109842300415
vt 0.5866945385932922 0.8687886595726013
vt 0.6697843074798584 0.7981275320053101
vt 0.5866945385932922 0.8687886595726013
vt 0.5856832265853882 0.8032276034355164
vt 0.5841354131698608 0.7211953997612
vt 0.5856832265853882 0.8032276034355164
vt 0.5143255591392517 0.816595196723938
vt 0.655917763710022 0.8672109842300415
vt 0.6285077333450317 0.9020041227340698
vt 0.5876842141151428 0.9009546637535095
vt 0.655917763710022 0.8672109842300415
vt 0.5876842141151428 0.9009546637535095
vt 0.5866945385932922 0.8687886595726013
vt 0.5866945385932922 0.8687886595726013
vt 0.5876842141151428 0.9009546637535095
vt 0.550264835357666 0.9024959802627563
vt 0.5866945385932922 0.8687886595726013
vt 0.550264835357666 0.9024959802627563
vt 0.52362060546875 0.8788819313049316
vt 0.6792727708816528 0.7387562394142151
vt 0.6366087794303894 0.7207543253898621
vt 0.6851390600204468 0.7010977864265442
vt 0.6792727708816528 0.7387562394142151
vt 0.6851390600204468 0.7010977864265442
vt 0.7130696773529053 0.7273284792900085
vt 0.5841354131698608 0.7211953997612
vt 0.5143255591392517 0.816595196723938
vt 0.5253909826278687 0.7295674085617065
vt 0.550264835357666 0.9024959802627563
vt 0.5876842141151428 0.9009546637535095
vt 0.5902610421180725 0.9733394384384155
vt 0.550264835357666 0.9024959802627563
vt 0.5902610421180725 0.9733394384384155
vt 0.5186002254486084 0.9563913345336914
vt 0.5876842141151428 0.9009546637535095
vt 0.6285077333450317 0.9020041227340698
vt 0.664867639541626 0.9492965936660767
vt 0.5876842141151428 0.9009546637535095
vt 0.664867639541626 0.9492965936660767
vt 0.5902610421180725 0.9733394384384155
vt 0.5113623142242432 0.6512429714202881
vt 0.5692949295043945 0.6559950113296509
vt 0.5841354131698608 0.7211953997612
vt 0.5113623142242432 0.6512429714202881
vt 0.5841354131698608 0.7211953997612
vt 0.5253909826278687 0.7295674085617065
vt 0.5692949295043945 0.6559950113296509
vt 0.6204732060432434 0.6409673690795898
vt 0.6366087794303894 0.7207543253898621
vt 0.5692949295043945 0.6559950113296509
vt 0.6366087794303894 0.7207543253898621
vt 0.5841354131698608 0.7211953997612
vt 0.6204732060432434 0.6409673690795898
vt 0.6757039427757263 0.632317841053009
vt 0.6851390600204468 0.7010977864265442
vt 0.6204732060432434 0.6409673690795898
vt 0.6851390600204468 0.7010977864265442
vt 0.6366087794303894 0.7207543253898621
vt 0.5856832265853882 0.8032276034355164
vt 0.5866945385932922 0.8687886595726013
vt 0.52362060546875 0.8788819313049316
vt 0.5856832265853882 0.8032276034355164
vt 0.52362060546875 0.8788819313049316
vt 0.5143255591392517 0.816595196723938
vt 0.7130696773529053 0.7273284792900085
vt 0.7130696773529053 0.7960491180419922
vt 0.6697843074798584 0.7981275320053101
vt 0.7130696773529053 0.7273284792900085
vt 0.6697843074798584 0.7981275320053101
vt 0.6792727708816528 0.7387562394142151
vt 0.5143255591392517 0.816595196723938
vt 0.52362060546875 0.8788819313049316
vt 0.46802303194999695 0.903321385383606
vt 0.5143255591392517 0.816595196723938
vt 0.46802303194999695 0.903321385383606
vt 0.45329415798187256 0.811927855014801
vt 0.7130696773529053 0.7960491180419922
vt 0.7130698561668396 0.8969792723655701
vt 0.655917763710022 0.8672109842300415
vt 0.7130696773529053 0.7960491180419922
vt 0.655917763710022 0.8672109842300415
vt 0.6697843074798584 0.7981275320053101
vt 0.4443376660346985 0.6626709699630737
vt 0.5113623142242432 0.6512429714202881
vt 0.5253909826278687 0.7295674085617065
vt 0.4443376660346985 0.6626709699630737
vt 0.5253909826278687 0.7295674085617065
vt 0.46460193395614624 0.7313764691352844
vt 0.6366087794303894 0.7207543253898621
vt 0.6792727708816528 0.7387562394142151
vt 0.5841354131698608 0.7211953997612
vt 0.5143255591392517 0.816595196723938
vt 0.45329415798187256 0.811927855014801
vt 0.46460193395614624 0.7313764691352844
vt 0.5143255591392517 0.816595196723938
vt 0.46460193395614624 0.7313764691352844
vt 0.5253909826278687 0.7295674085617065
vn 0.23557987130186434 0.6292862772643281 -0.7406084697626677
vn 0.32528670006783766 0.6942834986912424 -0.6419960951625986
vn 0.9173126374986409 -0.3204227763603945 0.23636152283056533
vn 0.9155960419328372 -0.34018523133775574 0.21437792884669812
vn 0.26065515228018443 0.7072589420130811 0.6571481419986903
vn 0.35815650627305223 0.6136842518423363 0.7036444812936382
vn 0.9590253128407904 -0.04705578194180161 0.27938540175977294
vn 0.9710769033534571 -0.1219759317050428 0.2052596401101481
vn 0.9316754502493972 -0.3112713047091729 -0.1873259999765978
vn 0.9438064464722321 0.253646573846215 0.21187922780096807
vn 0.8842296943115535 0.38248373078906217 0.26803739175603325
vn 0.938344456535152 0.27412721648391764 -0.21062751499395746
vn 0.9401632039201839 0.2543416842678424 -0.2267233063413021
vn 0.2775389875442686 -0.9510034269310076 -0.13625194442055596
vn 0.1627693298708063 -0.9860531307516548 0.03471841857384608
vn 0.9568186910252318 -0.25831801364169377 -0.13330339955519543
vn 0.3131243509301952 0.9384957643618429 -0.14552951978696468
vn 0.3130280607748517 0.938508823368581 -0.14565240000376833
vn 0.31845966004764975 0.9306849476106296 0.18002492386704463
vn 0.2935611248372595 0.9438995665996525 0.15124640213000504
vn 0.9680428646596377 0.2196707927662788 -0.1209865901122794
vn 0.8785845604563551 0.3910859141638549 -0.27411854711116435
vn 0.8657164100009489 0.1923742574109849 0.46209008054776624
vn 0.8596199255766083 0.16222875743029522 0.48449500907056753
vn 0.41701693370019405 0.013530048124141264 0.9087980055023486
vn 0.2999749515785344 -0.10771603594310264 0.9478461288764968
vn 0.986113665403654 0.0322226318604239 -0.16291574785808133
vn 0.9701336413789075 -0.04325343648430121 -0.2386835941098593
vn 0.45864133314462685 -0.377169441951368 0.8046063258447655
vn 0.3159009656347639 -0.28668459926175033 0.9044437630152321
vn 0.23643698397344062 -0.031875575924402114 -0.9711238336427702
vn 0.2755450315060723 0.0022104696636233924 -0.9612856232338982
vn 0.3139248822948195 -0.04241068923028763 0.9485001326911852
vn 0.23548113074226698 0.011883819979229722 0.9718062625271793
vn 0.21172425165897887 0.32222711498198003 -0.9226822462960016
vn 0.1536646753696273 0.36362893750651515 -0.9187824352649706
vn 0.7203119410346899 -0.6825205212609193 0.12375962855697611
vn 0.2645943148303657 -0.4156268974085789 -0.8701977537950601
vn 0.2597857565917997 -0.41235533014984616 -0.8731978254491006
vn -0.32528670006783766 0.6942834986912424 -0.6419960951625986
vn -0.23557987130186434 0.6292862772643281 -0.7406084697626677
vn -0.9155960419328372 -0.34018523133775574 0.21437792884669812
vn -0.9173126374986409 -0.3204227763603945 0.23636152283056533
vn -0.35815650627305223 0.6136842518423363 0.7036444812936382
vn -0.26065515228018443 0.7072589420130811 0.6571481419986903
vn -0.9710769033534571 -0.1219759317050428 0.2052596401101481
vn -0.9590253128407904 -0.04705578194180161 0.27938540175977294
vn -0.9316754502493972 -0.3112713047091729 -0.1873259999765978
vn -0.8842296943115535 0.38248373078906217 0.26803739175603325
vn -0.9438064464722321 0.253646573846215 0.21187922780096807
vn -0.9401632039201839 0.2543416842678424 -0.2267233063413021
vn -0.938344456535152 0.27412721648391764 -0.21062751499395746
vn -0.1627693298708063 -0.9860531307516548 0.03471841857384608
vn -0.2775389875442686 -0.9510034269310076 -0.13625194442055596
vn -0.9568186910252318 -0.25831801364169377 -0.13330339955519543
vn -0.3130280607748517 0.938508823368581 -0.14565240000376833
vn -0.3131243509301952 0.9384957643618429 -0.14552951978696468
vn -0.2935611248372595 0.9438995665996525 0.15124640213000504
vn -0.31845966004764975 0.9306849476106296 0.18002492386704463
vn -0.8785845604563551 0.3910859141638549 -0.27411854711116435
vn -0.9680428646596377 0.2196707927662788 -0.1209865901122794
vn -0.8596199255766083 0.16222875743029522 0.48449500907056753
vn -0.8657164100009489 0.1923742574109849 0.46209008054776624
vn -0.2999749515785344 -0.10771603594310264 0.9478461288764968
vn -0.41701693370019405 0.013530048124141264 0.9087980055023486
vn -0.9701336413789075 -0.04325343648430121 -0.2386835941098593
vn -0.986113665403654 0.0322226318604239 -0.16291574785808133
vn -0.3159009656347639 -0.28668459926175033 0.9044437630152321
vn -0.45864133314462685 -0.377169441951368 0.8046063258447655
vn -0.2755450315060723 0.0022104696636233924 -0.9612856232338982
vn -0.23643698397344062 -0.031875575924402114 -0.9711238336427702
vn -0.23548113074226698 0.011883819979229722 0.9718062625271793
vn -0.3139248822948195 -0.04241068923028763 0.9485001326911852
vn -0.1536646753696273 0.36362893750651515 -0.9187824352649706
vn -0.21172425165897887 0.32222711498198003 -0.9226822462960016
vn -0.7203119410346899 -0.6825205212609193 0.12375962855697611
vn -0.2597857565917997 -0.41235533014984616 -0.8731978254491006
vn -0.2645943148303657 -0.4156268974085789 -0.8701977537950601
usemtl m_b5c3e43b-6427-c3d8-3693-bb7537bae309
f 1/1/1 2/2/1 3/3/1
f 1/4/2 3/5/2 4/6/2
f 5/7/3 6/8/3 7/9/3
f 5/10/4 7/11/4 8/12/4
f 9/13/5 10/14/5 11/15/5
f 9/16/6 11/17/6 12/18/6
f 8/19/7 7/20/7 13/21/7
f 8/22/8 13/23/8 10/24/8
f 6/25/9 14/26/9 7/27/9
f 10/28/10 13/29/10 15/30/10
f 10/31/11 15/32/11 11/33/11
f 13/34/12 1/35/12 4/36/12
f 13/37/13 4/38/13 15/39/13
f 5/40/14 16/41/14 17/42/14
f 5/43/15 17/44/15 18/45/15
f 6/46/16 19/47/16 14/48/16
f 4/49/17 3/50/17 20/51/17
f 4/52/18 20/53/18 15/54/18
f 15/55/19 20/56/19 12/57/19
f 15/58/20 12/59/20 11/60/20
f 25/61/21 19/62/21 6/63/21
f 25/64/22 6/65/22 26/66/22
f 26/67/23 6/68/23 18/69/23
f 26/70/24 18/71/24 27/72/24
f 27/73/25 18/74/25 17/75/25
f 27/76/26 17/77/26 28/78/26
f 7/79/27 14/80/27 1/81/27
f 7/82/28 1/83/28 13/84/28
f 16/85/29 5/86/29 8/87/29
f 16/88/30 8/89/30 32/90/30
f 14/91/31 33/92/31 2/93/31
f 14/94/32 2/95/32 1/96/32
f 32/97/33 8/98/33 10/99/33
f 32/100/34 10/101/34 9/102/34
f 34/103/35 35/104/35 19/105/35
f 34/106/36 19/107/36 25/108/36
f 18/109/37 6/110/37 5/111/37
f 14/112/38 19/113/38 35/114/38
f 14/115/39 35/116/39 33/117/39
f 36/118/40 37/119/40 38/120/40
f 36/121/41 38/122/41 39/123/41
f 40/124/42 41/125/42 42/126/42
f 40/127/43 42/128/43 43/129/43
f 9/130/44 44/131/44 45/132/44
f 9/133/45 45/134/45 46/135/45
f 41/136/46 46/137/46 47/138/46
f 41/139/47 47/140/47 42/141/47
f 43/142/48 42/143/48 48/144/48
f 46/145/49 45/146/49 49/147/49
f 46/148/50 49/149/50 47/150/50
f 47/151/51 49/152/51 37/153/51
f 47/154/52 37/155/52 36/156/52
f 40/157/53 50/158/53 51/159/53
f 40/160/54 51/161/54 16/162/54
f 43/163/55 48/164/55 52/165/55
f 37/166/56 49/167/56 53/168/56
f 37/169/57 53/170/57 38/171/57
f 49/172/58 45/173/58 44/174/58
f 49/175/59 44/176/59 53/177/59
f 56/178/60 57/179/60 43/180/60
f 56/181/61 43/182/61 52/183/61
f 57/184/62 58/185/62 50/186/62
f 57/187/63 50/188/63 43/189/63
f 58/190/64 59/191/64 51/192/64
f 58/193/65 51/194/65 50/195/65
f 42/196/66 47/197/66 36/198/66
f 42/199/67 36/200/67 48/201/67
f 16/202/68 32/203/68 41/204/68
f 16/205/69 41/206/69 40/207/69
f 48/208/70 36/209/70 39/210/70
f 48/211/71 39/212/71 63/213/71
f 32/214/72 9/215/72 46/216/72
f 32/217/73 46/218/73 41/219/73
f 64/220/74 56/221/74 52/222/74
f 64/223/75 52/224/75 65/225/75
f 50/226/76 40/227/76 43/228/76
f 48/229/77 63/230/77 65/231/77
f 48/232/78 65/233/78 52/234/78
o mesh
v 0.0023041963577270508 1.7413288354873657 0.13046136498451233
v 0.17868326604366302 0.5411403179168701 -0.00011692588304867968
v 0.19885267317295074 0.08281178027391434 0.0025726500898599625
v 0.13613757491111755 -0.00011111401545349509 0.15290111303329468
v 0.26660260558128357 1.459716796875 -0.018956627696752548
v 0.6409370303153992 1.1464587450027466 0.024762187153100967
v 0.6824839115142822 1.0859795808792114 0.012651651166379452
v -0.7181607484817505 1.0924980640411377 -0.06780418008565903
v -0.7429406046867371 1.1184827089309692 -0.01616380736231804
v -0.6489412784576416 1.1694902181625366 -0.016163799911737442
v -0.6639524102210999 1.1256734132766724 -0.062090322375297546
v -0.17407487332820892 0.5411403179168701 -0.00011692588304867968
v -0.19424428045749664 0.08281178027391434 0.0025726500898599625
v -0.13152918219566345 -0.00011111401545349509 0.15290111303329468
v -0.26199421286582947 1.459716796875 -0.018956627696752548
v -0.7832016348838806 1.064677119255066 -0.01616383157670498
v -0.7764321565628052 1.017192006111145 0.027050169184803963
v -0.713382363319397 1.0976096391677856 0.031317468732595444
v -0.8032628893852234 1.009881854057312 -0.017690083011984825
v -0.6363286375999451 1.1464587450027466 0.024762187153100967
v -0.7721045017242432 1.0303598642349243 -0.0672319084405899
v -0.6363286375999451 1.1464587450027466 -0.05341404676437378
v -0.6775364875793457 1.0974565744400024 0.04052499309182167
v -0.7764321565628052 1.017192006111145 0.027050169184803963
v -0.8032628893852234 1.009881854057312 -0.017690083011984825
v -0.7764874696731567 1.016384482383728 -0.017325853928923607
v -0.7721045017242432 1.0303598642349243 -0.0672319084405899
v -0.7149973511695862 1.0772391557693481 -0.01732584461569786
v -0.713382363319397 1.0976096391677856 0.031317468732595444
v -0.7181607484817505 1.0924980640411377 -0.06780418008565903
v -0.6775364875793457 1.0974565744400024 0.04052499309182167
v -0.6778755187988281 1.0859795808792114 0.012651651166379452
v -0.6363286375999451 1.1464587450027466 0.024762187153100967
v -0.6225317716598511 1.1286723613739014 -0.017325835302472115
v -0.6502715349197388 1.1132426261901855 -0.017325829714536667
v -0.6639524102210999 1.1256734132766724 -0.062090322375297546
v -0.6363286375999451 1.1464587450027466 -0.05341404676437378
v -0.716629147529602 1.0429775714874268 0.0540471151471138
v -0.7164859175682068 1.0378870964050293 0.042783673852682114
v -0.7282477617263794 1.0502506494522095 0.046156663447618484
v -0.7282477617263794 1.0502506494522095 0.046156663447618484
v -0.716629147529602 1.0429775714874268 0.0540471151471138
v -0.716629147529602 1.0429775714874268 0.0540471151471138
v 0.0023041963577270508 1.316401481628418 0.15079516172409058
vt 0.22133946418762207 0.6192147135734558
vt 0.18950945138931274 0.6186200976371765
vt 0.18847693502902985 0.563258945941925
vt 0.22133946418762207 0.6192147135734558
vt 0.18847693502902985 0.563258945941925
vt 0.22052308917045593 0.5831237435340881
vt 0.18919456005096436 0.6503198146820068
vt 0.16238489747047424 0.6696929335594177
vt 0.15883903205394745 0.6153191328048706
vt 0.18919456005096436 0.6503198146820068
vt 0.15883903205394745 0.6153191328048706
vt 0.18950945138931274 0.6186200976371765
vt 0.18917463719844818 0.6801292300224304
vt 0.16238489747047424 0.6696929335594177
vt 0.18919456005096436 0.6503198146820068
vt 0.16142672300338745 0.5644521713256836
vt 0.18847693502902985 0.563258945941925
vt 0.18950945138931274 0.6186200976371765
vt 0.16142672300338745 0.5644521713256836
vt 0.18950945138931274 0.6186200976371765
vt 0.15883903205394745 0.6153191328048706
vt 0.2182827591896057 0.663422167301178
vt 0.18919456005096436 0.6503198146820068
vt 0.18950945138931274 0.6186200976371765
vt 0.2182827591896057 0.663422167301178
vt 0.18950945138931274 0.6186200976371765
vt 0.22133946418762207 0.6192147135734558
vt 0.18917463719844818 0.6801292300224304
vt 0.18919456005096436 0.6503198146820068
vt 0.2182827591896057 0.663422167301178
vt 0.21482127904891968 0.5633255839347839
vt 0.22052308917045593 0.5831237435340881
vt 0.18847693502902985 0.563258945941925
vt 0.15883903205394745 0.6153191328048706
vt 0.1472110152244568 0.598304808139801
vt 0.16142672300338745 0.5644521713256836
vt 0.07634638249874115 0.6707046031951904
vt 0.05061952397227287 0.6774967908859253
vt 0.055062275379896164 0.6644075512886047
vt 0.03199193626642227 0.6524065136909485
vt 0.055062275379896164 0.6644075512886047
vt 0.05061952397227287 0.6774967908859253
vt 0.07634638249874115 0.6707046031951904
vt 0.055062275379896164 0.6644075512886047
vt 0.06706275045871735 0.6209624409675598
vt 0.07634638249874115 0.6707046031951904
vt 0.06706275045871735 0.6209624409675598
vt 0.0944022610783577 0.6217336058616638
vt 0.03199193626642227 0.6524065136909485
vt 0.04063758626580238 0.6110944747924805
vt 0.06706275045871735 0.6209624409675598
vt 0.03199193626642227 0.6524065136909485
vt 0.06706275045871735 0.6209624409675598
vt 0.055062275379896164 0.6644075512886047
vt 0.11190646141767502 0.590288519859314
vt 0.09740837663412094 0.5992710590362549
vt 0.09911845624446869 0.557455837726593
vt 0.07533035427331924 0.5622411966323853
vt 0.09911845624446869 0.557455837726593
vt 0.09740837663412094 0.5992710590362549
vt 0.07533035427331924 0.5622411966323853
vt 0.07679829001426697 0.5793066024780273
vt 0.05061318352818489 0.5797519683837891
vt 0.07533035427331924 0.5622411966323853
vt 0.05061318352818489 0.5797519683837891
vt 0.054676603525877 0.5633687376976013
vt 0.09740837663412094 0.5992710590362549
vt 0.07679829001426697 0.5793066024780273
vt 0.07533035427331924 0.5622411966323853
vt 0.04063758626580238 0.6110944747924805
vt 0.05061318352818489 0.5797519683837891
vt 0.07679829001426697 0.5793066024780273
vt 0.04063758626580238 0.6110944747924805
vt 0.07679829001426697 0.5793066024780273
vt 0.06706275045871735 0.6209624409675598
vt 0.07679829001426697 0.5793066024780273
vt 0.0944022610783577 0.6217336058616638
vt 0.09740837663412094 0.5992710590362549
vt 0.07679829001426697 0.5793066024780273
vt 0.0944022610783577 0.6217336058616638
vt 0.06706275045871735 0.6209624409675598
vt 0.11190646141767502 0.590288519859314
vt 0.12982475757598877 0.6205070614814758
vt 0.12506157159805298 0.6245089173316956
vt 0.11190646141767502 0.590288519859314
vt 0.12506157159805298 0.6245089173316956
vt 0.09740837663412094 0.5992710590362549
vt 0.09740837663412094 0.5992710590362549
vt 0.12506157159805298 0.6245089173316956
vt 0.11895964294672012 0.6308414340019226
vt 0.09740837663412094 0.5992710590362549
vt 0.11895964294672012 0.6308414340019226
vt 0.0944022610783577 0.6217336058616638
vt 0.15883903205394745 0.6153191328048706
vt 0.13885989785194397 0.6361292600631714
vt 0.13076481223106384 0.6326606869697571
vt 0.15883903205394745 0.6153191328048706
vt 0.13076481223106384 0.6326606869697571
vt 0.1472110152244568 0.598304808139801
vt 0.11895964294672012 0.6308414340019226
vt 0.12506157159805298 0.6245089173316956
vt 0.1269468069076538 0.6304670572280884
vn -0.396022457541006 0.7298111374812807 -0.5572628793769253
vn -0.38524386780331293 0.7273113325783878 -0.5679836158050631
vn -0.6372089411768616 0.46706001472674585 0.6130413590678162
vn -0.6369044746596129 0.4765753106257378 0.605993946719391
vn -0.8399661537921574 0.29483357388739756 0.45555463359776543
vn -0.40142065113953024 0.7397590528645268 0.5400166706164671
vn -0.40585229674398904 0.7163483040695521 0.5675641113427679
vn -0.693626419004152 0.5190190547932723 -0.49950136298209924
vn -0.6235774921109489 0.536103335555724 -0.5689853468575852
vn -0.8553637061472733 0.32440900722251376 -0.4038709276970851
vn -0.36826648517299 0.729840194404327 -0.5759453850237765
vn -0.2189548593804171 0.46079288235162363 0.8600748160060173
vn 0.23573919439586574 -0.9716607936918382 0.017387760860312143
vn 0.23202840342398273 -0.9417764466401359 -0.24335148357550024
vn 0.703373533303853 -0.7107181687320215 0.012056420772999623
vn 0.7600269114554268 -0.608056636251449 0.2294040561413375
vn 0.7322248209197311 -0.6378613924959982 -0.23870411725006757
vn 0.6968903246046001 -0.7041672396450641 -0.13598666876994286
vn 0.7800106823742945 -0.5819175823307675 0.230120105067554
vn 0.6848742521410035 -0.5630888756300307 0.46246964970256077
vn 0.4526821244677761 -0.8138374930704768 -0.36434520589696606
vn 0.6107522403641003 -0.5923586819463055 -0.5254454232487595
vn 0.459208289911682 -0.8255702985247744 -0.3279655906800344
vn 0.5127993091603149 -0.7739048132251459 -0.3716291277492331
vn 0.46628640665262444 -0.838273747298664 -0.282620083435058
vn 0.5220095218193367 0.33429161763280724 0.784700690397548
vn 0.45883791829532183 -0.8248833615576099 0.33020479184868506
vn 0.8152878164884577 -0.5237074027397601 0.24705532295633242
vn 0.8222379795926802 -0.5297281645581408 0.20811721838716413
vn -0.44810884573570847 -0.1878528213291579 -0.8740193246674165
vn -0.49169308556926555 -0.11607050282357301 -0.8629979999847381
vn -0.34657487875109805 0.37780605085792485 0.8585734921099072
vn -0.22801058415367284 0.3855316519552481 0.8940785865093506
vn -0.6461136307779065 -0.6985585162275993 0.3074950008193404
usemtl m_b5c3e43b-6427-c3d8-3693-bb7537bae309
f 74/235/79 75/236/79 76/237/79
f 74/238/80 76/239/80 77/240/80
f 82/241/81 83/242/81 84/243/81
f 82/244/82 84/245/82 75/246/82
f 85/247/83 83/248/83 82/249/83
f 86/250/84 76/251/84 75/252/84
f 86/253/85 75/254/85 84/255/85
f 87/256/86 82/257/86 75/258/86
f 87/259/87 75/260/87 74/261/87
f 85/262/88 82/263/88 87/264/88
f 88/265/89 77/266/89 76/267/89
f 84/268/90 89/269/90 86/270/90
f 90/271/91 91/272/91 92/273/91
f 93/274/92 92/275/92 91/276/92
f 90/277/93 92/278/93 94/279/93
f 90/280/94 94/281/94 95/282/94
f 93/283/95 96/284/95 94/285/95
f 93/286/96 94/287/96 92/288/96
f 97/289/97 98/290/97 99/291/97
f 100/292/98 99/293/98 98/294/98
f 100/295/99 101/296/99 102/297/99
f 100/298/100 102/299/100 103/300/100
f 98/301/101 101/302/101 100/303/101
f 96/304/102 102/305/102 101/306/102
f 96/307/103 101/308/103 94/309/103
f 101/310/104 95/311/104 98/312/104
f 101/313/105 95/314/105 94/315/105
f 97/316/106 104/317/106 105/318/106
f 97/319/107 105/320/107 98/321/107
f 98/322/108 105/323/108 106/324/108
f 98/325/109 106/326/109 95/327/109
f 84/328/110 107/329/110 108/330/110
f 84/331/111 108/332/111 89/333/111
f 106/334/112 105/335/112 109/336/112
o mesh
v 0.0521562322974205 1.6402339935302734 0.11538896709680557
v 0.17868326604366302 0.5411403179168701 -0.00011692588304867968
v 0.19885267317295074 0.08281178027391434 0.0025726500898599625
v 0.13613757491111755 -0.00011111401545349509 0.15290111303329468
v 0.26660260558128357 1.459716796875 -0.018956627696752548
v 0.6409370303153992 1.1464587450027466 0.024762187153100967
v 0.6271401643753052 1.1286723613739014 -0.017325835302472115
v -0.17407487332820892 0.5411403179168701 -0.00011692588304867968
v -0.161957785487175 0.08281177282333374 0.03617073595523834
v -0.13152918219566345 -0.00011111401545349509 0.15290111303329468
v -0.20306231081485748 1.5014089345932007 -0.0236359890550375
v -0.20552510023117065 1.389121413230896 0.06563445925712585
v -0.15224167704582214 1.4203907251358032 0.08577696233987808
v -0.14726664125919342 1.418824553489685 -0.09856750816106796
v -0.20552510023117065 1.389121413230896 -0.08613390475511551
v -0.26199421286582947 1.459716796875 -0.018956627696752548
v -0.1665365844964981 1.3527894020080566 -0.00827005598694086
v -0.1665365844964981 1.3527894020080566 -0.00827005598694086
v -0.39929699897766113 1.2923109531402588 0.02896321751177311
v -0.39907580614089966 1.254478931427002 -0.01698402874171734
v -0.4313943684101105 1.3187103271484375 -0.01808810606598854
v -0.39907580614089966 1.254478931427002 -0.01698402874171734
v -0.3951469361782074 1.2935454845428467 -0.05732661485671997
v -0.4350436329841614 1.2726327180862427 0.038283225148916245
v -0.42303815484046936 1.2780743837356567 -0.06890847533941269
v -0.6363286375999451 1.1464587450027466 -0.05341404676437378
v -0.6489412784576416 1.1694902181625366 -0.016163799911737442
v -0.5338535308837891 1.269539713859558 -0.017626816406846046
v -0.5016233325004578 1.1861811876296997 -0.017551185563206673
v -0.6225317716598511 1.1286723613739014 -0.017325835302472115
v -0.6363286375999451 1.1464587450027466 0.024762187153100967
v -0.6225317716598511 1.1286723613739014 -0.017325835302472115
v -0.5016233325004578 1.1861811876296997 -0.017551185563206673
v -0.6363286375999451 1.1464587450027466 0.024762187153100967
v -0.6778755187988281 1.0859795808792114 0.012651651166379452
v 0.0023041963577270508 1.316401481628418 0.15079516172409058
vt 0.11511582881212234 0.9873497486114502
vt 0.18173080682754517 0.9550881385803223
vt 0.18750101327896118 0.9880689382553101
vt 0.11511582881212234 0.9873497486114502
vt 0.054176874458789825 0.9880689382553101
vt 0.05945975333452225 0.9552102088928223
vt 0.11667222529649734 0.9517475366592407
vt 0.18173080682754517 0.9550881385803223
vt 0.11511582881212234 0.9873497486114502
vt 0.11667222529649734 0.9517475366592407
vt 0.11511582881212234 0.9873497486114502
vt 0.05945975333452225 0.9552102088928223
vt 0.22783493995666504 0.945604681968689
vt 0.18750101327896118 0.9880689382553101
vt 0.18173080682754517 0.9550881385803223
vt 0.054176874458789825 0.9880689382553101
vt 0.012480683624744415 0.9512454271316528
vt 0.05945975333452225 0.9552102088928223
vt 0.18173080682754517 0.9550881385803223
vt 0.15280777215957642 0.8283298015594482
vt 0.18272429704666138 0.8138202428817749
vt 0.18173080682754517 0.9550881385803223
vt 0.18272429704666138 0.8138202428817749
vt 0.22783493995666504 0.945604681968689
vt 0.11667222529649734 0.9517475366592407
vt 0.11453086882829666 0.8257948160171509
vt 0.15280777215957642 0.8283298015594482
vt 0.11667222529649734 0.9517475366592407
vt 0.15280777215957642 0.8283298015594482
vt 0.18173080682754517 0.9550881385803223
vt 0.012480683624744415 0.9512454271316528
vt 0.05141032487154007 0.8188686370849609
vt 0.07936740666627884 0.8320351839065552
vt 0.012480683624744415 0.9512454271316528
vt 0.07936740666627884 0.8320351839065552
vt 0.05945975333452225 0.9552102088928223
vt 0.05945975333452225 0.9552102088928223
vt 0.07936740666627884 0.8320351839065552
vt 0.11453086882829666 0.8257948160171509
vt 0.05945975333452225 0.9552102088928223
vt 0.11453086882829666 0.8257948160171509
vt 0.11667222529649734 0.9517475366592407
vt 0.11453086882829666 0.8257948160171509
vt 0.14972317218780518 0.8059408664703369
vt 0.15280777215957642 0.8283298015594482
vt 0.05141032487154007 0.8188686370849609
vt 0.08086699992418289 0.8140727281570435
vt 0.07936740666627884 0.8320351839065552
vt 0.07936740666627884 0.8320351839065552
vt 0.08086699992418289 0.8140727281570435
vt 0.11453086882829666 0.8257948160171509
vt 0.15280777215957642 0.8283298015594482
vt 0.14972317218780518 0.8059408664703369
vt 0.18272429704666138 0.8138202428817749
vt 0.08086699992418289 0.8140727281570435
vt 0.08519179373979568 0.6918085813522339
vt 0.110141821205616 0.6931517124176025
vt 0.08086699992418289 0.8140727281570435
vt 0.110141821205616 0.6931517124176025
vt 0.11348897963762283 0.7684448957443237
vt 0.053180284798145294 0.7583472728729248
vt 0.06354231387376785 0.6909334659576416
vt 0.08519179373979568 0.6918085813522339
vt 0.053180284798145294 0.7583472728729248
vt 0.08519179373979568 0.6918085813522339
vt 0.08086699992418289 0.8140727281570435
vt 0.11348897963762283 0.7684448957443237
vt 0.110141821205616 0.6931517124176025
vt 0.13648587465286255 0.6893653869628906
vt 0.11348897963762283 0.7684448957443237
vt 0.13648587465286255 0.6893653869628906
vt 0.14972317218780518 0.8059408664703369
vt 0.14972317218780518 0.8059408664703369
vt 0.13648587465286255 0.6893653869628906
vt 0.16054213047027588 0.6862995624542236
vt 0.14972317218780518 0.8059408664703369
vt 0.16054213047027588 0.6862995624542236
vt 0.1760110855102539 0.752544641494751
vt 0.14972317218780518 0.8059408664703369
vt 0.1760110855102539 0.752544641494751
vt 0.18272429704666138 0.8138202428817749
vt 0.11453086882829666 0.8257948160171509
vt 0.11348897963762283 0.7684448957443237
vt 0.14972317218780518 0.8059408664703369
vt 0.05141032487154007 0.8188686370849609
vt 0.053180284798145294 0.7583472728729248
vt 0.08086699992418289 0.8140727281570435
vt 0.08086699992418289 0.8140727281570435
vt 0.11348897963762283 0.7684448957443237
vt 0.11453086882829666 0.8257948160171509
vn -0.5529420333197435 0.5259212172988866 0.646267731658548
vn -0.4006553812271139 0.4522851448473981 -0.7968145413106644
vn -0.3568972446533891 0.5861140828659852 0.7273889184095287
vn -0.3857201676779232 0.4551424956209605 -0.8025367660901519
vn 0.2678538236713639 -0.8011587452092378 0.5351625866214768
vn 0.2965002760693741 -0.7999334648134248 -0.5217221848478116
vn 0.2561057020518183 -0.7456349528888244 0.6151734604215512
vn 0.3088387996596341 -0.7788953065384739 0.5458394427642008
vn -0.48136819073233883 0.5823337447757203 0.6551122611022946
vn -0.41096460850968747 0.5460369232897968 0.7300354573284039
vn 0.31847193294483345 -0.6962838615559943 -0.6432452192306247
vn 0.31738618710998207 -0.7884843994698987 -0.526838077614347
vn -0.3943630664145834 0.5636544787255385 -0.7257901903861255
vn -0.3840816807760602 0.4564787182010737 -0.8025636687028274
vn -0.25940636181864524 0.7559127702941996 0.6010858700336942
vn 0.5683597334711518 -0.6180367114198632 -0.5431370330827406
vn -0.15806458239763577 0.7583633396310632 -0.6323769705603469
vn 0.5083860270412283 -0.6635780761823029 0.5488240012239163
vn -0.45967580398284624 0.677307334075802 -0.5744152943993168
vn -0.40306203287886355 0.4520092387948729 -0.7957566497966811
vn 0.36603667813817037 -0.7716060424092217 -0.5202319344053686
vn 0.36910924911292964 -0.6735508480490733 -0.6403808377142961
vn -0.5518155255155434 0.6425321649091515 0.5316503012856887
vn -0.41333762614814207 0.5845810932982011 0.6981525278680144
vn 0.44641374117628074 -0.7623697010113102 0.46851596629028774
vn 0.3229043459813344 -0.6762902437342466 0.6620908469207532
vn 0.46630211455554715 -0.7045840880847267 0.5349052259782471
vn -0.35064714833069366 0.7360918890161584 0.5789778132987276
vn 0.47012467926629714 -0.7014330841182711 -0.5356999294839337
vn -0.3415416062563524 0.7058648075963204 -0.6205676470722916
usemtl m_b5c3e43b-6427-c3d8-3693-bb7537bae309
f 121/337/113 122/338/113 123/339/113
f 121/340/114 124/341/114 125/342/114
f 126/343/115 122/344/115 121/345/115
f 126/346/116 121/347/116 125/348/116
f 127/349/117 123/350/117 122/351/117
f 124/352/118 128/353/118 125/354/118
f 122/355/119 129/356/119 130/357/119
f 122/358/120 130/359/120 127/360/120
f 126/361/121 131/362/121 129/363/121
f 126/364/122 129/365/122 122/366/122
f 128/367/123 132/368/123 133/369/123
f 128/370/124 133/371/124 125/372/124
f 125/373/125 133/374/125 131/375/125
f 125/376/126 131/377/126 126/378/126
f 131/379/127 134/380/127 129/381/127
f 132/382/128 135/383/128 133/384/128
f 133/385/129 135/386/129 131/387/129
f 129/388/130 134/389/130 130/390/130
f 135/391/131 136/392/131 137/393/131
f 135/394/132 137/395/132 138/396/132
f 139/397/133 140/398/133 136/399/133
f 139/400/134 136/401/134 135/402/134
f 138/403/135 137/404/135 141/405/135
f 138/406/136 141/407/136 134/408/136
f 134/409/137 141/410/137 142/411/137
f 134/412/138 142/413/138 143/414/138
f 134/415/139 143/416/139 130/417/139
f 131/418/140 138/419/140 134/420/140
f 132/421/141 139/422/141 135/423/141
f 135/424/142 138/425/142 131/426/142
o mesh
v 0.08151818811893463 0.9056359529495239 0.11891264468431473
v 0.7227691411972046 1.0924980640411377 -0.06780418008565903
v 0.668560802936554 1.1256734132766724 -0.062090322375297546
v 0.6535496711730957 1.1694902181625366 -0.016163799911737442
v 0.7475489974021912 1.1184827089309692 -0.01616380736231804
v 0.1665661782026291 0.08281177282333374 0.03617073595523834
v 0.13613757491111755 -0.00011111401545349509 0.15290111303329468
v 0.26660260558128357 1.459716796875 -0.018956627696752548
v 0.7878100275993347 1.064677119255066 -0.01616383157670498
v 0.7179907560348511 1.0976096391677856 0.031317468732595444
v 0.7810405492782593 1.017192006111145 0.027050169184803963
v 0.8078712821006775 1.009881854057312 -0.017690083011984825
v 0.6409370303153992 1.1464587450027466 0.024762187153100967
v 0.7767128944396973 1.0303598642349243 -0.0672319084405899
v 0.6409370303153992 1.1464587450027466 -0.05341404676437378
v 0.6821448802947998 1.0974565744400024 0.04052499309182167
v 0.7810405492782593 1.017192006111145 0.027050169184803963
v 0.7810958623886108 1.016384482383728 -0.017325853928923607
v 0.8078712821006775 1.009881854057312 -0.017690083011984825
v 0.7767128944396973 1.0303598642349243 -0.0672319084405899
v 0.7179907560348511 1.0976096391677856 0.031317468732595444
v 0.7196057438850403 1.0772391557693481 -0.01732584461569786
v 0.7227691411972046 1.0924980640411377 -0.06780418008565903
v 0.6821448802947998 1.0974565744400024 0.04052499309182167
v 0.6409370303153992 1.1464587450027466 0.024762187153100967
v 0.6824839115142822 1.0859795808792114 0.012651651166379452
v 0.6271401643753052 1.1286723613739014 -0.017325835302472115
v 0.6409370303153992 1.1464587450027466 -0.05341404676437378
v 0.668560802936554 1.1256734132766724 -0.062090322375297546
v 0.6548799276351929 1.1132426261901855 -0.017325829714536667
v 0.0023041963577270508 1.636881947517395 0.1317386031150818
v 0.7210943102836609 1.0378870964050293 0.042783673852682114
v 0.7212375402450562 1.0429775714874268 0.0540471151471138
v 0.7328561544418335 1.0502506494522095 0.046156663447618484
v 0.7212375402450562 1.0429775714874268 0.0540471151471138
v 0.7328561544418335 1.0502506494522095 0.046156663447618484
v 0.7212375402450562 1.0429775714874268 0.0540471151471138
v -0.17407487332820892 0.5411403179168701 -0.00011692588304867968
v -0.15651945769786835 0.08281178772449493 -0.0449349619448185
v -0.13152918219566345 -0.00011111401545349509 0.15290111303329468
v -0.26199421286582947 1.459716796875 -0.018956627696752548
v -0.6363286375999451 1.1464587450027466 0.024762187153100967
v -0.6502715349197388 1.1132426261901855 -0.017325829714536667
v 0.0023041963577270508 1.316401481628418 0.15079516172409058
vt 0.24513748288154602 0.6154945492744446
vt 0.24666433036327362 0.5794265270233154
vt 0.2790953814983368 0.5601966381072998
vt 0.24513748288154602 0.6154945492744446
vt 0.2790953814983368 0.5601966381072998
vt 0.2769731283187866 0.6155267953872681
vt 0.27666375041007996 0.6472265720367432
vt 0.2769731283187866 0.6155267953872681
vt 0.30770236253738403 0.6128302216529846
vt 0.27666375041007996 0.6472265720367432
vt 0.30770236253738403 0.6128302216529846
vt 0.3030868172645569 0.6671236753463745
vt 0.2760968804359436 0.6770305037498474
vt 0.27666375041007996 0.6472265720367432
vt 0.3030868172645569 0.6671236753463745
vt 0.30611687898635864 0.5619221925735474
vt 0.30770236253738403 0.6128302216529846
vt 0.2769731283187866 0.6155267953872681
vt 0.30611687898635864 0.5619221925735474
vt 0.2769731283187866 0.6155267953872681
vt 0.2790953814983368 0.5601966381072998
vt 0.24732322990894318 0.659753680229187
vt 0.24513748288154602 0.6154945492744446
vt 0.2769731283187866 0.6155267953872681
vt 0.24732322990894318 0.659753680229187
vt 0.2769731283187866 0.6155267953872681
vt 0.27666375041007996 0.6472265720367432
vt 0.2760968804359436 0.6770305037498474
vt 0.24732322990894318 0.659753680229187
vt 0.27666375041007996 0.6472265720367432
vt 0.25275471806526184 0.5597445368766785
vt 0.2790953814983368 0.5601966381072998
vt 0.24666433036327362 0.5794265270233154
vt 0.30770236253738403 0.6128302216529846
vt 0.30611687898635864 0.5619221925735474
vt 0.31966325640678406 0.59604811668396
vt 0.3952076733112335 0.6816573739051819
vt 0.41634148359298706 0.6748730540275574
vt 0.4210837483406067 0.6878567934036255
vt 0.43913018703460693 0.6623453497886658
vt 0.4210837483406067 0.6878567934036255
vt 0.41634148359298706 0.6748730540275574
vt 0.3952076733112335 0.6816573739051819
vt 0.3760317265987396 0.6331138610839844
vt 0.40334653854370117 0.6317151188850403
vt 0.3952076733112335 0.6816573739051819
vt 0.40334653854370117 0.6317151188850403
vt 0.41634148359298706 0.6748730540275574
vt 0.43913018703460693 0.6623453497886658
vt 0.41634148359298706 0.6748730540275574
vt 0.40334653854370117 0.6317151188850403
vt 0.43913018703460693 0.6623453497886658
vt 0.40334653854370117 0.6317151188850403
vt 0.4295380115509033 0.621242880821228
vt 0.357809841632843 0.6020790338516235
vt 0.3698405921459198 0.568961501121521
vt 0.3725106120109558 0.6107263565063477
vt 0.3937322795391083 0.5731992125511169
vt 0.3725106120109558 0.6107263565063477
vt 0.3698405921459198 0.568961501121521
vt 0.3937322795391083 0.5731992125511169
vt 0.41440653800964355 0.5738521218299866
vt 0.4188450276851654 0.5901376605033875
vt 0.3937322795391083 0.5731992125511169
vt 0.4188450276851654 0.5901376605033875
vt 0.3926566541194916 0.5902937650680542
vt 0.3725106120109558 0.6107263565063477
vt 0.3937322795391083 0.5731992125511169
vt 0.3926566541194916 0.5902937650680542
vt 0.4295380115509033 0.621242880821228
vt 0.40334653854370117 0.6317151188850403
vt 0.3926566541194916 0.5902937650680542
vt 0.4295380115509033 0.621242880821228
vt 0.3926566541194916 0.5902937650680542
vt 0.4188450276851654 0.5901376605033875
vt 0.3725106120109558 0.6107263565063477
vt 0.3760317265987396 0.6331138610839844
vt 0.3926566541194916 0.5902937650680542
vt 0.3926566541194916 0.5902937650680542
vt 0.40334653854370117 0.6317151188850403
vt 0.3760317265987396 0.6331138610839844
vt 0.357809841632843 0.6020790338516235
vt 0.3725106120109558 0.6107263565063477
vt 0.34544438123703003 0.6365926861763
vt 0.357809841632843 0.6020790338516235
vt 0.34544438123703003 0.6365926861763
vt 0.34059035778045654 0.6327012777328491
vt 0.3725106120109558 0.6107263565063477
vt 0.3760317265987396 0.6331138610839844
vt 0.3516901433467865 0.6427834033966064
vt 0.3725106120109558 0.6107263565063477
vt 0.3516901433467865 0.6427834033966064
vt 0.34544438123703003 0.6365926861763
vt 0.30770236253738403 0.6128302216529846
vt 0.31966325640678406 0.59604811668396
vt 0.3354298770427704 0.6307210922241211
vt 0.30770236253738403 0.6128302216529846
vt 0.3354298770427704 0.6307210922241211
vt 0.32726800441741943 0.6340296864509583
vt 0.3516901433467865 0.6427834033966064
vt 0.34369659423828125 0.6425925493240356
vt 0.34544438123703003 0.6365926861763
vn 0.38524386780331293 0.7273113325783878 -0.5679836158050631
vn 0.396022457541006 0.7298111374812807 -0.5572628793769253
vn 0.6369044746596129 0.4765753106257378 0.605993946719391
vn 0.6372089411768616 0.46706001472674585 0.6130413590678162
vn 0.8399661537921574 0.29483357388739756 0.45555463359776543
vn 0.40585229674398904 0.7163483040695521 0.5675641113427679
vn 0.40142065113953024 0.7397590528645268 0.5400166706164671
vn 0.6235774921109489 0.536103335555724 -0.5689853468575852
vn 0.693626419004152 0.5190190547932723 -0.49950136298209924
vn 0.8553637061472733 0.32440900722251376 -0.4038709276970851
vn 0.36826648517299 0.729840194404327 -0.5759453850237765
vn 0.2189548593804171 0.46079288235162363 0.8600748160060173
vn -0.23573919439586574 -0.9716607936918382 0.017387760860312143
vn -0.23202840342398273 -0.9417764466401359 -0.24335148357550024
vn -0.7600269114554268 -0.608056636251449 0.2294040561413375
vn -0.703373533303853 -0.7107181687320215 0.012056420772999623
vn -0.6968903246046001 -0.7041672396450641 -0.13598666876994286
vn -0.7322248209197311 -0.6378613924959982 -0.23870411725006757
vn -0.7800106823742945 -0.5819175823307675 0.230120105067554
vn -0.6848742521410035 -0.5630888756300307 0.46246964970256077
vn -0.6107522403641003 -0.5923586819463055 -0.5254454232487595
vn -0.4526821244677761 -0.8138374930704768 -0.36434520589696606
vn -0.459208289911682 -0.8255702985247744 -0.3279655906800344
vn -0.46628640665262444 -0.838273747298664 -0.282620083435058
vn -0.5127993091603149 -0.7739048132251459 -0.3716291277492331
vn -0.5220095218193367 0.33429161763280724 0.784700690397548
vn -0.45883791829532183 -0.8248833615576099 0.33020479184868506
vn -0.8222379795926802 -0.5297281645581408 0.20811721838716413
vn -0.8152878164884577 -0.5237074027397601 0.24705532295633242
vn 0.49169308556926555 -0.11607050282357301 -0.8629979999847381
vn 0.44810884573570847 -0.1878528213291579 -0.8740193246674165
vn 0.22801058415367284 0.3855316519552481 0.8940785865093506
vn 0.34657487875109805 0.37780605085792485 0.8585734921099072
vn 0.6461136307779065 -0.6985585162275993 0.3074950008193404
usemtl m_b5c3e43b-6427-c3d8-3693-bb7537bae309
f 148/427/143 149/428/143 150/429/143
f 148/430/144 150/431/144 151/432/144
f 155/433/145 151/434/145 156/435/145
f 155/436/146 156/437/146 157/438/146
f 158/439/147 155/440/147 157/441/147
f 159/442/148 156/443/148 151/444/148
f 159/445/149 151/446/149 150/447/149
f 160/448/150 148/449/150 151/450/150
f 160/451/151 151/452/151 155/453/151
f 158/454/152 160/455/152 155/456/152
f 161/457/153 150/458/153 149/459/153
f 156/460/154 159/461/154 162/462/154
f 163/463/155 164/464/155 165/465/155
f 166/466/156 165/467/156 164/468/156
f 163/469/157 167/470/157 168/471/157
f 163/472/158 168/473/158 164/474/158
f 166/475/159 164/476/159 168/477/159
f 166/478/160 168/479/160 169/480/160
f 170/481/161 171/482/161 172/483/161
f 173/484/162 172/485/162 171/486/162
f 173/487/163 174/488/163 175/489/163
f 173/490/164 175/491/164 176/492/164
f 172/493/165 173/494/165 176/495/165
f 169/496/166 168/497/166 176/498/166
f 169/499/167 176/500/167 175/501/167
f 172/502/168 167/503/168 176/504/168
f 176/505/169 168/506/169 167/507/169
f 170/508/170 172/509/170 178/510/170
f 170/511/171 178/512/171 179/513/171
f 172/514/172 167/515/172 180/516/172
f 172/517/173 180/518/173 178/519/173
f 156/520/174 162/521/174 181/522/174
f 156/523/175 181/524/175 182/525/175
f 180/526/176 183/527/176 178/528/176
o mesh
v 0.17868326604366302 0.5411403179168701 -0.00011692588304867968
v 0.1665661782026291 0.08281177282333374 0.03617073595523834
v 0.13613757491111755 -0.00011111401545349509 0.15290111303329468
v 0.20767070353031158 1.5014089345932007 -0.0236359890550375
v 0.15685006976127625 1.4203907251358032 0.08577696233987808
v 0.21013349294662476 1.389121413230896 0.06563445925712585
v 0.21013349294662476 1.389121413230896 -0.08613390475511551
v 0.15187503397464752 1.418824553489685 -0.09856750816106796
v 0.26660260558128357 1.459716796875 -0.018956627696752548
v 0.1711449772119522 1.3527894020080566 -0.00827005598694086
v 0.1711449772119522 1.3527894020080566 -0.00827005598694086
v 0.40368419885635376 1.254478931427002 -0.01698402874171734
v 0.40390539169311523 1.2923109531402588 0.02896321751177311
v 0.4360027611255646 1.3187103271484375 -0.01808810606598854
v 0.3997553288936615 1.2935454845428467 -0.05732661485671997
v 0.40368419885635376 1.254478931427002 -0.01698402874171734
v 0.4396520256996155 1.2726327180862427 0.038283225148916245
v 0.42764654755592346 1.2780743837356567 -0.06890847533941269
v 0.5384619235992432 1.269539713859558 -0.017626816406846046
v 0.6535496711730957 1.1694902181625366 -0.016163799911737442
v 0.6409370303153992 1.1464587450027466 -0.05341404676437378
v 0.5062317252159119 1.1861811876296997 -0.017551185563206673
v 0.6271401643753052 1.1286723613739014 -0.017325835302472115
v 0.6409370303153992 1.1464587450027466 0.024762187153100967
v 0.5062317252159119 1.1861811876296997 -0.017551185563206673
v 0.6271401643753052 1.1286723613739014 -0.017325835302472115
v 0.6409370303153992 1.1464587450027466 0.024762187153100967
v 0.6821448802947998 1.0974565744400024 0.04052499309182167
v 0.0023041963577270508 1.636881947517395 0.1317386031150818
v -0.17407487332820892 0.5411403179168701 -0.00011692588304867968
v -0.19424428045749664 0.08281178027391434 0.0025726500898599625
v -0.12326423823833466 -0.00011108264880022034 -0.03959154337644577
v -0.26199421286582947 1.459716796875 -0.018956627696752548
v -0.6363286375999451 1.1464587450027466 0.024762187153100967
v -0.7181607484817505 1.0924980640411377 -0.06780418008565903
v 0.0023041963577270508 1.422345757484436 0.12526416778564453
vt 0.3492054343223572 0.9873497486114502
vt 0.2768201231956482 0.9880689382553101
vt 0.28259044885635376 0.9550881385803223
vt 0.3492054343223572 0.9873497486114502
vt 0.4048616886138916 0.9552100896835327
vt 0.4101443886756897 0.9880688190460205
vt 0.3476489186286926 0.9517475366592407
vt 0.3492054343223572 0.9873497486114502
vt 0.28259044885635376 0.9550881385803223
vt 0.3476489186286926 0.9517475366592407
vt 0.4048616886138916 0.9552100896835327
vt 0.3492054343223572 0.9873497486114502
vt 0.23648613691329956 0.9456045627593994
vt 0.28259044885635376 0.9550881385803223
vt 0.2768201231956482 0.9880689382553101
vt 0.4101443886756897 0.9880688190460205
vt 0.4048616886138916 0.9552100896835327
vt 0.4518408179283142 0.9512454271316528
vt 0.28259044885635376 0.9550881385803223
vt 0.23648613691329956 0.9456045627593994
vt 0.2815970182418823 0.8138201236724854
vt 0.28259044885635376 0.9550881385803223
vt 0.2815970182418823 0.8138201236724854
vt 0.3115134835243225 0.8283298015594482
vt 0.3476489186286926 0.9517475366592407
vt 0.28259044885635376 0.9550881385803223
vt 0.3115134835243225 0.8283298015594482
vt 0.3476489186286926 0.9517475366592407
vt 0.3115134835243225 0.8283298015594482
vt 0.34979045391082764 0.8257948160171509
vt 0.4518408179283142 0.9512454271316528
vt 0.4048616886138916 0.9552100896835327
vt 0.3849537968635559 0.8320350646972656
vt 0.4518408179283142 0.9512454271316528
vt 0.3849537968635559 0.8320350646972656
vt 0.412911057472229 0.8188685178756714
vt 0.4048616886138916 0.9552100896835327
vt 0.3476489186286926 0.9517475366592407
vt 0.34979045391082764 0.8257948160171509
vt 0.4048616886138916 0.9552100896835327
vt 0.34979045391082764 0.8257948160171509
vt 0.3849537968635559 0.8320350646972656
vt 0.34979045391082764 0.8257948160171509
vt 0.3115134835243225 0.8283298015594482
vt 0.3145982027053833 0.8059408664703369
vt 0.412911057472229 0.8188685178756714
vt 0.3849537968635559 0.8320350646972656
vt 0.3834543824195862 0.8140727281570435
vt 0.3849537968635559 0.8320350646972656
vt 0.34979045391082764 0.8257948160171509
vt 0.3834543824195862 0.8140727281570435
vt 0.3115134835243225 0.8283298015594482
vt 0.2815970182418823 0.8138201236724854
vt 0.3145982027053833 0.8059408664703369
vt 0.3834543824195862 0.8140727281570435
vt 0.35083234310150146 0.7684447765350342
vt 0.3541795611381531 0.6931517124176025
vt 0.3834543824195862 0.8140727281570435
vt 0.3541795611381531 0.6931517124176025
vt 0.37912946939468384 0.6918085813522339
vt 0.41114097833633423 0.7583471536636353
vt 0.3834543824195862 0.8140727281570435
vt 0.37912946939468384 0.6918085813522339
vt 0.41114097833633423 0.7583471536636353
vt 0.37912946939468384 0.6918085813522339
vt 0.40077894926071167 0.6909335851669312
vt 0.35083234310150146 0.7684447765350342
vt 0.3145982027053833 0.8059408664703369
vt 0.32783544063568115 0.6893653869628906
vt 0.35083234310150146 0.7684447765350342
vt 0.32783544063568115 0.6893653869628906
vt 0.3541795611381531 0.6931517124176025
vt 0.3145982027053833 0.8059408664703369
vt 0.28831034898757935 0.752544641494751
vt 0.3037792444229126 0.6862995624542236
vt 0.3145982027053833 0.8059408664703369
vt 0.3037792444229126 0.6862995624542236
vt 0.32783544063568115 0.6893653869628906
vt 0.3145982027053833 0.8059408664703369
vt 0.2815970182418823 0.8138201236724854
vt 0.28831034898757935 0.752544641494751
vt 0.34979045391082764 0.8257948160171509
vt 0.3145982027053833 0.8059408664703369
vt 0.35083234310150146 0.7684447765350342
vt 0.412911057472229 0.8188685178756714
vt 0.3834543824195862 0.8140727281570435
vt 0.41114097833633423 0.7583471536636353
vt 0.3834543824195862 0.8140727281570435
vt 0.34979045391082764 0.8257948160171509
vt 0.35083234310150146 0.7684447765350342
vn 0.5529420333197435 0.5259212172988866 0.646267731658548
vn 0.4006553812271139 0.4522851448473981 -0.7968145413106644
vn 0.3568972446533891 0.5861140828659852 0.7273889184095287
vn 0.3857201676779232 0.4551424956209605 -0.8025367660901519
vn -0.2678538236713639 -0.8011587452092378 0.5351625866214768
vn -0.2965002760693741 -0.7999334648134248 -0.5217221848478116
vn -0.3088387996596341 -0.7788953065384739 0.5458394427642008
vn -0.2561057020518183 -0.7456349528888244 0.6151734604215512
vn 0.41096460850968747 0.5460369232897968 0.7300354573284039
vn 0.48136819073233883 0.5823337447757203 0.6551122611022946
vn -0.31738618710998207 -0.7884843994698987 -0.526838077614347
vn -0.31847193294483345 -0.6962838615559943 -0.6432452192306247
vn 0.3840816807760602 0.4564787182010737 -0.8025636687028274
vn 0.3943630664145834 0.5636544787255385 -0.7257901903861255
vn 0.25940636181864524 0.7559127702941996 0.6010858700336942
vn -0.5683597334711518 -0.6180367114198632 -0.5431370330827406
vn 0.15806458239763577 0.7583633396310632 -0.6323769705603469
vn -0.5083860270412283 -0.6635780761823029 0.5488240012239163
vn 0.40306203287886355 0.4520092387948729 -0.7957566497966811
vn 0.45967580398284624 0.677307334075802 -0.5744152943993168
vn -0.36910924911292964 -0.6735508480490733 -0.6403808377142961
vn -0.36603667813817037 -0.7716060424092217 -0.5202319344053686
vn 0.41333762614814207 0.5845810932982011 0.6981525278680144
vn 0.5518155255155434 0.6425321649091515 0.5316503012856887
vn -0.3229043459813344 -0.6762902437342466 0.6620908469207532
vn -0.44641374117628074 -0.7623697010113102 0.46851596629028774
vn -0.46630211455554715 -0.7045840880847267 0.5349052259782471
vn 0.35064714833069366 0.7360918890161584 0.5789778132987276
vn -0.47012467926629714 -0.7014330841182711 -0.5356999294839337
vn 0.3415416062563524 0.7058648075963204 -0.6205676470722916
usemtl m_b5c3e43b-6427-c3d8-3693-bb7537bae309
f 194/529/177 195/530/177 196/531/177
f 194/532/178 197/533/178 198/534/178
f 199/535/179 194/536/179 196/537/179
f 199/538/180 197/539/180 194/540/180
f 200/541/181 196/542/181 195/543/181
f 198/544/182 197/545/182 201/546/182
f 196/547/183 200/548/183 202/549/183
f 196/550/184 202/551/184 203/552/184
f 199/553/185 196/554/185 203/555/185
f 199/556/186 203/557/186 204/558/186
f 201/559/187 197/560/187 205/561/187
f 201/562/188 205/563/188 206/564/188
f 197/565/189 199/566/189 204/567/189
f 197/568/190 204/569/190 205/570/190
f 204/571/191 203/572/191 207/573/191
f 206/574/192 205/575/192 208/576/192
f 205/577/193 204/578/193 208/579/193
f 203/580/194 202/581/194 207/582/194
f 208/583/195 209/584/195 210/585/195
f 208/586/196 210/587/196 211/588/196
f 212/589/197 208/590/197 211/591/197
f 212/592/198 211/593/198 213/594/198
f 209/595/199 207/596/199 214/597/199
f 209/598/200 214/599/200 210/600/200
f 207/601/201 215/602/201 216/603/201
f 207/604/202 216/605/202 214/606/202
f 207/607/203 202/608/203 215/609/203
f 204/610/204 207/611/204 209/612/204
f 206/613/205 208/614/205 212/615/205
f 208/616/206 204/617/206 209/618/206
o mesh
v 0.0521562322974205 1.6402339935302734 0.11538896709680557
v 0.0023041963577270508 1.1872836351394653 -0.06576595455408096
v 0.0023041963577270508 1.0517624616622925 -0.1016015112400055
v 0.1711449772119522 1.3527894020080566 -0.00827005598694086
v 0.0023041963577270508 1.29263436794281 -0.07824890315532684
v 0.15187503397464752 1.418824553489685 -0.09856750816106796
v 0.15685006976127625 1.4203907251358032 0.08577696233987808
v 0.0023041963577270508 1.4220774173736572 -0.09399640560150146
v 0.08427111804485321 0.906399667263031 -0.07630778104066849
v 0.0023041963577270508 0.9744524359703064 -0.1056094840168953
v 0.08151818811893463 0.9056359529495239 0.11891264468431473
v 0.0023041963577270508 0.8352065682411194 1.3607242976831913e-7
v 0.0023041963577270508 0.8352065682411194 1.3607242976831913e-7
v 0.17958536744117737 0.9451385140419006 0.01807738095521927
v 0.17868326604366302 0.5411403179168701 -0.00011692588304867968
v 0.19885267317295074 0.08281178027391434 0.0025726500898599625
v 0.13613757491111755 -0.00011111401545349509 0.15290111303329468
v 0.055855412036180496 1.513409972190857 0.05124518647789955
v 0.0023041963577270508 1.5067723989486694 0.06743879616260529
v 0.0023041963577270508 1.5262730121612549 -0.05967715010046959
v 0.061731528490781784 1.5298595428466797 -0.048318587243556976
v 0.20767070353031158 1.5014089345932007 -0.0236359890550375
v 0.07750384509563446 1.5327510833740234 0.006359050516039133
v 0.26660260558128357 1.459716796875 -0.018956627696752548
v 0.6409370303153992 1.1464587450027466 0.024762187153100967
v 0.7227691411972046 1.0924980640411377 -0.06780418008565903
v 0.0023041963577270508 1.1872836351394653 -0.06576595455408096
v 0.0023041963577270508 1.0517624616622925 -0.1016015112400055
v -0.1665365844964981 1.3527894020080566 -0.00827005598694086
v 0.0023041963577270508 1.29263436794281 -0.07824890315532684
v -0.14726664125919342 1.418824553489685 -0.09856750816106796
v -0.15224167704582214 1.4203907251358032 0.08577696233987808
v 0.0023041963577270508 1.4220774173736572 -0.09399640560150146
v 0.0023041963577270508 0.9744524359703064 -0.1056094840168953
v -0.07966272532939911 0.906399667263031 -0.07630778104066849
v -0.07690979540348053 0.9056359529495239 0.11891264468431473
v 0.0023041963577270508 0.8352065682411194 1.3607242976831913e-7
v -0.07690979540348053 0.9056359529495239 0.11891264468431473
v -0.17497697472572327 0.9451385140419006 0.01807738095521927
v -0.161957785487175 0.08281177282333374 0.03617073595523834
v -0.12326423823833466 -0.00011108264880022034 -0.03959154337644577
v -0.051247019320726395 1.513409972190857 0.05124518647789955
v -0.05712313577532768 1.5298595428466797 -0.048318587243556976
v 0.0023041963577270508 1.5262730121612549 -0.05967715010046959
v -0.20306231081485748 1.5014089345932007 -0.0236359890550375
v -0.07289545238018036 1.5327510833740234 0.006359050516039133
v -0.26199421286582947 1.459716796875 -0.018956627696752548
v -0.6363286375999451 1.1464587450027466 0.024762187153100967
v -0.6775364875793457 1.0974565744400024 0.04052499309182167
v 0.10915753245353699 1.1859009265899658 -0.043572574853897095
v 0.1381751298904419 1.1808668375015259 0.03723008185625076
v 0.16234669089317322 1.0555710792541504 0.018206553533673286
v 0.10925762355327606 1.0470707416534424 -0.06960893422365189
v 0.0962018296122551 1.1762441396713257 0.11143075674772263
v 0.0023041963577270508 1.1743000745773315 0.14263568818569183
v 0.0023041963577270508 1.043801188468933 0.13156889379024506
v 0.10848449915647507 1.0467489957809448 0.11092928797006607
v 0.13726821541786194 1.29263436794281 -0.07554596662521362
v 0.13726821541786194 1.3171626329421997 0.1022576168179512
v 0.0023041963577270508 1.316401481628418 0.15079516172409058
v 0.0023041963577270508 1.422345757484436 0.12526416778564453
v 0.0023041963577270508 0.9315273761749268 0.1232936903834343
v -0.10454913973808289 1.1859009265899658 -0.043572574853897095
v -0.10464923083782196 1.0470707416534424 -0.06960893422365189
v -0.15773829817771912 1.0555710792541504 0.018206553533673286
v -0.1335667371749878 1.1808668375015259 0.03723008185625076
v -0.091593436896801 1.1762441396713257 0.11143075674772263
v -0.10387610644102097 1.0467489957809448 0.11092928797006607
v -0.13265982270240784 1.29263436794281 -0.07554596662521362
v -0.13265982270240784 1.3171626329421997 0.1022576168179512
vt 0.21338139474391937 0.44655710458755493
vt 0.2305864542722702 0.396175742149353
vt 0.3042328655719757 0.4168248176574707
vt 0.21338139474391937 0.44655710458755493
vt 0.3042328655719757 0.4168248176574707
vt 0.2958385944366455 0.47624969482421875
vt 0.23854078352451324 0.3460414409637451
vt 0.24024274945259094 0.29045331478118896
vt 0.3152022957801819 0.29045337438583374
vt 0.23854078352451324 0.3460414409637451
vt 0.3152022957801819 0.29045337438583374
vt 0.3129082918167114 0.35409629344940186
vt 0.19562573730945587 0.5115273594856262
vt 0.21338139474391937 0.44655710458755493
vt 0.2958385944366455 0.47624969482421875
vt 0.19562573730945587 0.5115273594856262
vt 0.2958385944366455 0.47624969482421875
vt 0.2762187719345093 0.5401682257652283
vt 0.2305864542722702 0.396175742149353
vt 0.23854078352451324 0.3460414409637451
vt 0.3129082918167114 0.35409629344940186
vt 0.2305864542722702 0.396175742149353
vt 0.3129082918167114 0.35409629344940186
vt 0.3042328655719757 0.4168248176574707
vt 0.2305864542722702 0.396175742149353
vt 0.21338139474391937 0.44655710458755493
vt 0.15220122039318085 0.43368959426879883
vt 0.2305864542722702 0.396175742149353
vt 0.15220122039318085 0.43368959426879883
vt 0.13964742422103882 0.39443475008010864
vt 0.24024274945259094 0.29045331478118896
vt 0.23854078352451324 0.3460414409637451
vt 0.16377070546150208 0.35209012031555176
vt 0.24024274945259094 0.29045331478118896
vt 0.16377070546150208 0.35209012031555176
vt 0.1695464551448822 0.29045331478118896
vt 0.21338139474391937 0.44655710458755493
vt 0.19562573730945587 0.5115273594856262
vt 0.13608984649181366 0.4996989965438843
vt 0.21338139474391937 0.44655710458755493
vt 0.13608984649181366 0.4996989965438843
vt 0.15220122039318085 0.43368959426879883
vt 0.23854078352451324 0.3460414409637451
vt 0.2305864542722702 0.396175742149353
vt 0.13964742422103882 0.39443475008010864
vt 0.23854078352451324 0.3460414409637451
vt 0.13964742422103882 0.39443475008010864
vt 0.16377070546150208 0.35209012031555176
vt 0.13964742422103882 0.39443475008010864
vt 0.15220122039318085 0.43368959426879883
vt 0.10524366050958633 0.41445088386535645
vt 0.1695464551448822 0.29045331478118896
vt 0.16377070546150208 0.35209012031555176
vt 0.12247911840677261 0.35594236850738525
vt 0.1695464551448822 0.29045331478118896
vt 0.12247911840677261 0.35594236850738525
vt 0.12042701989412308 0.29045331478118896
vt 0.15220122039318085 0.43368959426879883
vt 0.13608984649181366 0.4996989965438843
vt 0.06470722705125809 0.47340595722198486
vt 0.15220122039318085 0.43368959426879883
vt 0.06470722705125809 0.47340595722198486
vt 0.10524366050958633 0.41445088386535645
vt 0.16377070546150208 0.35209012031555176
vt 0.13964742422103882 0.39443475008010864
vt 0.12247911840677261 0.35594236850738525
vt 0.2762187719345093 0.5401682257652283
vt 0.2958385944366455 0.47624969482421875
vt 0.37413084506988525 0.5102934837341309
vt 0.2762187719345093 0.5401682257652283
vt 0.37413084506988525 0.5102934837341309
vt 0.32174691557884216 0.552261233329773
vt 0.3129082918167114 0.35409629344940186
vt 0.3152022957801819 0.29045337438583374
vt 0.3846767544746399 0.29045337438583374
vt 0.3129082918167114 0.35409629344940186
vt 0.3846767544746399 0.29045337438583374
vt 0.3980630040168762 0.34089958667755127
vt 0.3846767544746399 0.29045337438583374
vt 0.4825270175933838 0.29045331478118896
vt 0.3980630040168762 0.34089958667755127
vt 0.37413084506988525 0.5102934837341309
vt 0.42607414722442627 0.5719431042671204
vt 0.32174691557884216 0.552261233329773
vt 0.3042328655719757 0.4168248176574707
vt 0.3707703649997711 0.42597484588623047
vt 0.37413084506988525 0.5102934837341309
vt 0.3042328655719757 0.4168248176574707
vt 0.37413084506988525 0.5102934837341309
vt 0.2958385944366455 0.47624969482421875
vt 0.12042701989412308 0.29045331478118896
vt 0.053775854408741 0.32637178897857666
vt 0.06160605698823929 0.29045337438583374
vt 0.10524366050958633 0.41445088386535645
vt 0.06470722705125809 0.47340595722198486
vt 0.013923591934144497 0.42555975914001465
vt 0.10524366050958633 0.41445088386535645
vt 0.013923591934144497 0.42555975914001465
vt 0.03696150332689285 0.39465224742889404
vt 0.053775854408741 0.32637178897857666
vt 0.12042701989412308 0.29045331478118896
vt 0.12247911840677261 0.35594236850738525
vt 0.09904292970895767 0.3843982219696045
vt 0.053775854408741 0.32637178897857666
vt 0.12247911840677261 0.35594236850738525
vt 0.09904292970895767 0.3843982219696045
vt 0.10524366050958633 0.41445088386535645
vt 0.03696150332689285 0.39465224742889404
vt 0.053775854408741 0.32637178897857666
vt 0.09904292970895767 0.3843982219696045
vt 0.0500890389084816 0.3597140312194824
vt 0.0500890389084816 0.3597140312194824
vt 0.09904292970895767 0.3843982219696045
vt 0.03696150332689285 0.39465224742889404
vt 0.3707703649997711 0.42597484588623047
vt 0.3042328655719757 0.4168248176574707
vt 0.3129082918167114 0.35409629344940186
vt 0.3707703649997711 0.42597484588623047
vt 0.3129082918167114 0.35409629344940186
vt 0.3980630040168762 0.34089958667755127
vt 0.21338139474391937 0.13434958457946777
vt 0.29583853483200073 0.10465693473815918
vt 0.3042328655719757 0.16408193111419678
vt 0.21338139474391937 0.13434958457946777
vt 0.3042328655719757 0.16408193111419678
vt 0.23058651387691498 0.18473100662231445
vt 0.23854070901870728 0.23486530780792236
vt 0.3129083216190338 0.22681039571762085
vt 0.3152022957801819 0.29045337438583374
vt 0.23854070901870728 0.23486530780792236
vt 0.3152022957801819 0.29045337438583374
vt 0.24024274945259094 0.29045331478118896
vt 0.19562573730945587 0.06937921047210693
vt 0.2762186825275421 0.04073834419250488
vt 0.29583853483200073 0.10465693473815918
vt 0.19562573730945587 0.06937921047210693
vt 0.29583853483200073 0.10465693473815918
vt 0.21338139474391937 0.13434958457946777
vt 0.23058651387691498 0.18473100662231445
vt 0.3042328655719757 0.16408193111419678
vt 0.3129083216190338 0.22681039571762085
vt 0.23058651387691498 0.18473100662231445
vt 0.3129083216190338 0.22681039571762085
vt 0.23854070901870728 0.23486530780792236
vt 0.23058651387691498 0.18473100662231445
vt 0.13964751362800598 0.18647193908691406
vt 0.152201309800148 0.14721715450286865
vt 0.23058651387691498 0.18473100662231445
vt 0.152201309800148 0.14721715450286865
vt 0.21338139474391937 0.13434958457946777
vt 0.24024274945259094 0.29045331478118896
vt 0.1695464551448822 0.29045331478118896
vt 0.16377070546150208 0.22881662845611572
vt 0.24024274945259094 0.29045331478118896
vt 0.16377070546150208 0.22881662845611572
vt 0.23854070901870728 0.23486530780792236
vt 0.21338139474391937 0.13434958457946777
vt 0.152201309800148 0.14721715450286865
vt 0.13608981668949127 0.08120757341384888
vt 0.21338139474391937 0.13434958457946777
vt 0.13608981668949127 0.08120757341384888
vt 0.19562573730945587 0.06937921047210693
vt 0.23854070901870728 0.23486530780792236
vt 0.16377070546150208 0.22881662845611572
vt 0.13964751362800598 0.18647193908691406
vt 0.23854070901870728 0.23486530780792236
vt 0.13964751362800598 0.18647193908691406
vt 0.23058651387691498 0.18473100662231445
vt 0.13964751362800598 0.18647193908691406
vt 0.10524366050958633 0.16645586490631104
vt 0.152201309800148 0.14721715450286865
vt 0.1695464551448822 0.29045331478118896
vt 0.12042701989412308 0.29045331478118896
vt 0.12247911840677261 0.22496426105499268
vt 0.1695464551448822 0.29045331478118896
vt 0.12247911840677261 0.22496426105499268
vt 0.16377070546150208 0.22881662845611572
vt 0.152201309800148 0.14721715450286865
vt 0.10524366050958633 0.16645586490631104
vt 0.06470722705125809 0.10750067234039307
vt 0.152201309800148 0.14721715450286865
vt 0.06470722705125809 0.10750067234039307
vt 0.13608981668949127 0.08120757341384888
vt 0.16377070546150208 0.22881662845611572
vt 0.12247911840677261 0.22496426105499268
vt 0.13964751362800598 0.18647193908691406
vt 0.2762186825275421 0.04073834419250488
vt 0.3217470645904541 0.02864539623260498
vt 0.3741309642791748 0.07061314582824707
vt 0.2762186825275421 0.04073834419250488
vt 0.3741309642791748 0.07061314582824707
vt 0.29583853483200073 0.10465693473815918
vt 0.3129083216190338 0.22681039571762085
vt 0.398063063621521 0.24000704288482666
vt 0.3846767544746399 0.29045337438583374
vt 0.3129083216190338 0.22681039571762085
vt 0.3846767544746399 0.29045337438583374
vt 0.3152022957801819 0.29045337438583374
vt 0.3846767544746399 0.29045337438583374
vt 0.398063063621521 0.24000704288482666
vt 0.4825270175933838 0.29045331478118896
vt 0.3741309642791748 0.07061314582824707
vt 0.3217470645904541 0.02864539623260498
vt 0.42607414722442627 0.008963465690612793
vt 0.3042328655719757 0.16408193111419678
vt 0.29583853483200073 0.10465693473815918
vt 0.3741309642791748 0.07061314582824707
vt 0.3042328655719757 0.16408193111419678
vt 0.3741309642791748 0.07061314582824707
vt 0.3707704544067383 0.15493178367614746
vt 0.12042701989412308 0.29045331478118896
vt 0.06160605698823929 0.29045337438583374
vt 0.053775854408741 0.25453484058380127
vt 0.10524366050958633 0.16645586490631104
vt 0.03696153312921524 0.1862543225288391
vt 0.013923532329499722 0.15534693002700806
vt 0.10524366050958633 0.16645586490631104
vt 0.013923532329499722 0.15534693002700806
vt 0.06470722705125809 0.10750067234039307
vt 0.053775854408741 0.25453484058380127
vt 0.12247911840677261 0.22496426105499268
vt 0.12042701989412308 0.29045331478118896
vt 0.09904301911592484 0.1965084671974182
vt 0.12247911840677261 0.22496426105499268
vt 0.053775854408741 0.25453484058380127
vt 0.09904301911592484 0.1965084671974182
vt 0.03696153312921524 0.1862543225288391
vt 0.10524366050958633 0.16645586490631104
vt 0.053775854408741 0.25453484058380127
vt 0.05008888989686966 0.2211925983428955
vt 0.09904301911592484 0.1965084671974182
vt 0.05008888989686966 0.2211925983428955
vt 0.03696153312921524 0.1862543225288391
vt 0.09904301911592484 0.1965084671974182
vt 0.3707704544067383 0.15493178367614746
vt 0.398063063621521 0.24000704288482666
vt 0.3129083216190338 0.22681039571762085
vt 0.3707704544067383 0.15493178367614746
vt 0.3129083216190338 0.22681039571762085
vt 0.3042328655719757 0.16408193111419678
vn 0.9212328214232355 0.2258142067596543 -0.3167617918216989
vn 0.8473615884499635 0.09847101535919323 -0.5218062835513619
vn 0.31584931515989095 -0.08017480925809833 0.9454158926490793
vn 0.1904103142665676 0.014259258246088199 0.9816010318735297
vn 0.20225383682310816 0.18065890463684486 -0.9625257116907305
vn 0.2877001957756003 0.2448328742461086 -0.925897111475714
vn 0.8654424978560991 0.080172441383261 0.49455198164322817
vn 0.8576182986926175 0.08853030629199088 0.5066095524320743
vn 0.8806822596911021 -0.33290288279954905 -0.33700805344846596
vn 0.9360960085618114 -0.24604295022967612 -0.2513705022410591
vn 0.31579012240089077 -0.030294495757922594 0.9483453179727328
vn 0.3381904861762397 -0.053947889737842786 0.9395301060917167
vn 0.20057350607832072 -0.11527517198097108 -0.972873015035471
vn 0.019153264158112082 -0.2915368776059505 -0.9563678170389586
vn 0.8707817142063663 -0.037242144775792366 0.4902573088249899
vn 0.9432160616319977 -0.26154042179388903 0.20479274608075881
vn 0.9324402751465598 -0.1664404100257801 -0.32070659986202044
vn 0.3367365834545537 0.0858258731911085 0.9376792590509497
vn 0.2437746258088528 0.22721066287411873 0.9428410504894543
vn 0.019876585368708392 -0.12074158760077998 -0.9924849572551333
vn -0.033887246810678374 -0.17557245705081242 -0.9838831062828209
vn 0.9582965755133617 -0.1422094575109371 0.24787929230536554
vn 0.28636489863812487 -0.0052395330545484805 -0.9581063052299295
vn 0.37138047348479897 0.048070542114024305 -0.9272355509227796
vn 0.19224344767654677 -0.07213507099405324 0.9786924891701774
vn 0.06922795969884549 0.04315635895514706 0.996666954542825
vn -0.21813978863210165 -0.7690537069592955 0.6008089783181574
vn -0.2119584179943618 -0.5905646642487042 -0.7786571815517678
vn 0.6774162166016999 0.1065969571389694 -0.7278353922514016
vn 0.8541860805735072 -0.12772105043567133 -0.5040371742541203
vn 0.17662427912728704 0.5561977023513603 0.8120640245213636
vn -0.02221830264908989 0.3127634608842693 -0.9495711477098953
vn 0.13391353383913415 0.4967732932648129 -0.8574867115900673
vn 0.21525810278439947 0.5366080759936286 0.8159140407935613
vn 0.3760652305331132 0.6525284110953857 0.6578613950502094
vn 0.24288616602168053 0.5566986945697708 -0.7944135408083135
vn 0.30980691178096675 0.8097439425553653 0.4983316414875072
vn 0.20828307576800328 0.971695967699891 -0.11146796268162748
vn 0.8515692566103961 0.13233779708668525 0.5072637466429678
vn 0.7328125183858082 -0.10197841705404119 0.6727452826681147
vn -0.8473615884499635 0.09847101535919323 -0.5218062835513619
vn -0.9212328214232355 0.2258142067596543 -0.3167617918216989
vn -0.1904103142665676 0.014259258246088199 0.9816010318735297
vn -0.31584931515989095 -0.08017480925809833 0.9454158926490793
vn -0.2877001957756003 0.2448328742461086 -0.925897111475714
vn -0.20225383682310816 0.18065890463684486 -0.9625257116907305
vn -0.8576182986926175 0.08853030629199088 0.5066095524320743
vn -0.8654424978560991 0.080172441383261 0.49455198164322817
vn -0.9360960085618114 -0.24604295022967612 -0.2513705022410591
vn -0.8806822596911021 -0.33290288279954905 -0.33700805344846596
vn -0.3381904861762397 -0.053947889737842786 0.9395301060917167
vn -0.31579012240089077 -0.030294495757922594 0.9483453179727328
vn -0.019153264158112082 -0.2915368776059505 -0.9563678170389586
vn -0.20057350607832072 -0.11527517198097108 -0.972873015035471
vn -0.9432160616319977 -0.26154042179388903 0.20479274608075881
vn -0.8707817142063663 -0.037242144775792366 0.4902573088249899
vn -0.9324402751465598 -0.1664404100257801 -0.32070659986202044
vn -0.2437746258088528 0.22721066287411873 0.9428410504894543
vn -0.3367365834545537 0.0858258731911085 0.9376792590509497
vn 0.033887246810678374 -0.17557245705081242 -0.9838831062828209
vn -0.019876585368708392 -0.12074158760077998 -0.9924849572551333
vn -0.9582965755133617 -0.1422094575109371 0.24787929230536554
vn -0.37138047348479897 0.048070542114024305 -0.9272355509227796
vn -0.28636489863812487 -0.0052395330545484805 -0.9581063052299295
vn -0.06922795969884549 0.04315635895514706 0.996666954542825
vn -0.19224344767654677 -0.07213507099405324 0.9786924891701774
vn 0.21813978863210165 -0.7690537069592955 0.6008089783181574
vn 0.2119584179943618 -0.5905646642487042 -0.7786571815517678
vn -0.8541860805735072 -0.12772105043567133 -0.5040371742541203
vn -0.6774162166016999 0.1065969571389694 -0.7278353922514016
vn -0.17662427912728704 0.5561977023513603 0.8120640245213636
vn -0.13391353383913415 0.4967732932648129 -0.8574867115900673
vn 0.02221830264908989 0.3127634608842693 -0.9495711477098953
vn -0.21525810278439947 0.5366080759936286 0.8159140407935613
vn -0.3760652305331132 0.6525284110953857 0.6578613950502094
vn -0.24288616602168053 0.5566986945697708 -0.7944135408083135
vn -0.30980691178096675 0.8097439425553653 0.4983316414875072
vn -0.20828307576800328 0.971695967699891 -0.11146796268162748
vn -0.7328125183858082 -0.10197841705404119 0.6727452826681147
vn -0.8515692566103961 0.13233779708668525 0.5072637466429678
usemtl m_b5c3e43b-6427-c3d8-3693-bb7537bae309
f 276/619/207 277/620/207 278/621/207
f 276/622/208 278/623/208 279/624/208
f 280/625/209 281/626/209 282/627/209
f 280/628/210 282/629/210 283/630/210
f 228/631/211 276/632/211 279/633/211
f 228/634/212 279/635/212 229/636/212
f 277/637/213 280/638/213 283/639/213
f 277/640/214 283/641/214 278/642/214
f 277/643/215 276/644/215 284/645/215
f 277/646/216 284/647/216 230/648/216
f 281/649/217 280/650/217 285/651/217
f 281/652/218 285/653/218 286/654/218
f 276/655/219 228/656/219 231/657/219
f 276/658/220 231/659/220 284/660/220
f 280/661/221 277/662/221 230/663/221
f 280/664/222 230/665/222 285/666/222
f 230/667/223 284/668/223 232/669/223
f 286/670/224 285/671/224 233/672/224
f 286/673/225 233/674/225 287/675/225
f 284/676/226 231/677/226 234/678/226
f 284/679/227 234/680/227 232/681/227
f 285/682/228 230/683/228 233/684/228
f 229/685/229 279/686/229 235/687/229
f 229/688/230 235/689/230 236/690/230
f 283/691/231 282/692/231 288/693/231
f 283/694/232 288/695/232 237/696/232
f 288/697/233 238/698/233 237/699/233
f 235/700/234 239/701/234 236/702/234
f 278/703/235 240/704/235 235/705/235
f 278/706/236 235/707/236 279/708/236
f 287/709/237 244/710/237 245/711/237
f 232/712/238 234/713/238 246/714/238
f 232/715/239 246/716/239 247/717/239
f 244/718/240 287/719/240 233/720/240
f 248/721/241 244/722/241 233/723/241
f 248/724/242 232/725/242 247/726/242
f 244/727/243 248/728/243 249/729/243
f 249/730/244 248/731/244 247/732/244
f 240/733/245 278/734/245 283/735/245
f 240/736/246 283/737/246 237/738/246
f 289/739/247 290/740/247 291/741/247
f 289/742/248 291/743/248 292/744/248
f 293/745/249 294/746/249 282/747/249
f 293/748/250 282/749/250 281/750/250
f 253/751/251 254/752/251 290/753/251
f 253/754/252 290/755/252 289/756/252
f 292/757/253 291/758/253 294/759/253
f 292/760/254 294/761/254 293/762/254
f 292/763/255 255/764/255 295/765/255
f 292/766/256 295/767/256 289/768/256
f 281/769/257 286/770/257 296/771/257
f 281/772/258 296/773/258 293/774/258
f 289/775/259 295/776/259 256/777/259
f 289/778/260 256/779/260 253/780/260
f 293/781/261 296/782/261 255/783/261
f 293/784/262 255/785/262 292/786/262
f 255/787/263 257/788/263 295/789/263
f 286/790/264 287/791/264 258/792/264
f 286/793/265 258/794/265 296/795/265
f 295/796/266 257/797/266 259/798/266
f 295/799/267 259/800/267 256/801/267
f 296/802/268 258/803/268 255/804/268
f 254/805/269 260/806/269 261/807/269
f 254/808/270 261/809/270 290/810/270
f 294/811/271 262/812/271 288/813/271
f 294/814/272 288/815/272 282/816/272
f 288/817/273 262/818/273 238/819/273
f 261/820/274 260/821/274 263/822/274
f 291/823/275 290/824/275 261/825/275
f 291/826/276 261/827/276 265/828/276
f 287/829/277 245/830/277 268/831/277
f 257/832/278 269/833/278 270/834/278
f 257/835/279 270/836/279 259/837/279
f 268/838/280 258/839/280 287/840/280
f 271/841/281 258/842/281 268/843/281
f 271/844/282 269/845/282 257/846/282
f 268/847/283 272/848/283 271/849/283
f 272/850/284 269/851/284 271/852/284
f 265/853/285 262/854/285 294/855/285
f 265/856/286 294/857/286 291/858/286
o mesh
v 0.17868326604366302 0.5411403179168701 -0.00011692588304867968
v 0.19885267317295074 0.08281178027391434 0.0025726500898599625
v 0.13613757491111755 -0.00011111401545349509 0.15290111303329468
v 0.055855412036180496 1.513409972190857 0.05124518647789955
v 0.26660260558128357 1.459716796875 -0.018956627696752548
v 0.6409370303153992 1.1464587450027466 0.024762187153100967
v 0.7227691411972046 1.0924980640411377 -0.06780418008565903
v 0.0023041963577270508 1.636881947517395 0.1317386031150818
v -0.17407487332820892 0.5411403179168701 -0.00011692588304867968
v -0.19424428045749664 0.08281178027391434 0.0025726500898599625
v -0.22749726474285126 0.030171871185302734 0.12154300510883331
v -0.170810267329216 0.030171865597367287 0.15864259004592896
v -0.161957785487175 0.08281177282333374 0.03617073595523834
v -0.12979252636432648 0.030171871185302734 0.13095934689044952
v -0.13147325813770294 0.08281178027391434 0.007653817068785429
v -0.22923386096954346 -0.00011111248022643849 0.14348480105400085
v -0.17254690825939178 -0.00011111852654721588 0.1805843561887741
v -0.13152918219566345 -0.00011111401545349509 0.15290111303329468
v -0.15651945769786835 0.08281178772449493 -0.0449349619448185
v -0.15465959906578064 0.03017190285027027 -0.06843344122171402
v -0.19155465066432953 0.030171897262334824 -0.031409770250320435
v -0.12878364324569702 0.030171895399689674 -0.026328593492507935
v -0.15465959906578064 0.03017190285027027 -0.06843344122171402
v -0.15651945769786835 0.08281178772449493 -0.0449349619448185
v -0.15465959906578064 -0.00011107795580755919 -0.06843344867229462
v -0.1949189305305481 -0.00011108171020168811 -0.045375850051641464
v -0.12326423823833466 -0.00011108264880022034 -0.03959154337644577
v -0.15465959906578064 -0.00011107795580755919 -0.06843344867229462
v -0.12326423823833466 -0.00011108264880022034 -0.03959154337644577
v -0.13152918219566345 -0.00011111401545349509 0.15290111303329468
v -0.1949189305305481 -0.00011108171020168811 -0.045375850051641464
v -0.22923386096954346 -0.00011111248022643849 0.14348480105400085
v -0.17254690825939178 -0.00011111852654721588 0.1805843561887741
v -0.15465959906578064 -0.00011107795580755919 -0.06843344867229462
v -0.26199421286582947 1.459716796875 -0.018956627696752548
v -0.6363286375999451 1.1464587450027466 0.024762187153100967
v -0.6778755187988281 1.0859795808792114 0.012651651166379452
vt 0.8456547856330872 0.345298171043396
vt 0.7863337993621826 0.34871137142181396
vt 0.7740528583526611 0.32376670837402344
vt 0.8456547856330872 0.345298171043396
vt 0.7740528583526611 0.32376670837402344
vt 0.833393394947052 0.3253956437110901
vt 0.833393394947052 0.3253956437110901
vt 0.7740528583526611 0.32376670837402344
vt 0.7863222360610962 0.30698174238204956
vt 0.833393394947052 0.3253956437110901
vt 0.7863222360610962 0.30698174238204956
vt 0.8469289541244507 0.30982422828674316
vt 0.7863337993621826 0.34871137142181396
vt 0.7693038582801819 0.35511988401412964
vt 0.7561620473861694 0.3230290412902832
vt 0.7863337993621826 0.34871137142181396
vt 0.7561620473861694 0.3230290412902832
vt 0.7740528583526611 0.32376670837402344
vt 0.7740528583526611 0.32376670837402344
vt 0.7561620473861694 0.3230290412902832
vt 0.769212543964386 0.3001711368560791
vt 0.7740528583526611 0.32376670837402344
vt 0.769212543964386 0.3001711368560791
vt 0.7863222360610962 0.30698174238204956
vt 0.8750264644622803 0.3544102907180786
vt 0.8765378594398499 0.3835715055465698
vt 0.8509905338287354 0.3767143487930298
vt 0.8750264644622803 0.3544102907180786
vt 0.8509905338287354 0.3767143487930298
vt 0.8456547856330872 0.345298171043396
vt 0.8469289541244507 0.30982422828674316
vt 0.8525468707084656 0.2785158157348633
vt 0.8765378594398499 0.27178865671157837
vt 0.8469289541244507 0.30982422828674316
vt 0.8765378594398499 0.27178865671157837
vt 0.8748732209205627 0.3007771372795105
vt 0.8765378594398499 0.3835715055465698
vt 0.8733235597610474 0.39853978157043457
vt 0.8503917455673218 0.3936152458190918
vt 0.8765378594398499 0.3835715055465698
vt 0.8503917455673218 0.3936152458190918
vt 0.8509905338287354 0.3767143487930298
vt 0.8525468707084656 0.2785158157348633
vt 0.8522903323173523 0.2616935968399048
vt 0.8731723427772522 0.256955623626709
vt 0.8525468707084656 0.2785158157348633
vt 0.8731723427772522 0.256955623626709
vt 0.8765378594398499 0.27178865671157837
vt 0.8456547856330872 0.345298171043396
vt 0.8509905338287354 0.3767143487930298
vt 0.7863337993621826 0.34871137142181396
vt 0.8469289541244507 0.30982422828674316
vt 0.7863222360610962 0.30698174238204956
vt 0.8525468707084656 0.2785158157348633
vt 0.7693038582801819 0.35511988401412964
vt 0.7863337993621826 0.34871137142181396
vt 0.8509905338287354 0.3767143487930298
vt 0.7693038582801819 0.35511988401412964
vt 0.8509905338287354 0.3767143487930298
vt 0.8503917455673218 0.3936152458190918
vt 0.7863222360610962 0.30698174238204956
vt 0.769212543964386 0.3001711368560791
vt 0.8522903323173523 0.2616935968399048
vt 0.7863222360610962 0.30698174238204956
vt 0.8522903323173523 0.2616935968399048
vt 0.8525468707084656 0.2785158157348633
vt 0.9028868675231934 0.27680063247680664
vt 0.8904775381088257 0.3669300675392151
vt 0.9366657733917236 0.28016197681427
vt 0.9366657733917236 0.37080299854278564
vt 0.8904775381088257 0.3669300675392151
vt 0.9071973562240601 0.38325417041778564
vt 0.8904775381088257 0.3669300675392151
vt 0.9366657733917236 0.37080299854278564
vt 0.9366657733917236 0.28016197681427
vt 0.919907808303833 0.26605093479156494
vt 0.9028868675231934 0.27680063247680664
vt 0.9366657733917236 0.28016197681427
vn -0.2234826727112552 0.912935143716291 0.34147462331123407
vn -0.36031892768987833 0.8661865010445878 0.34625310938177967
vn 0.2677597560503818 0.878012660516504 0.3967347741408239
vn 0.3415139539614374 0.8660752386572953 0.36507793720565257
vn -0.4617261524136799 0.537656312998183 0.7055031178318485
vn -0.46172616619308315 0.53765629586663 0.7055031218695013
vn 0.48632742229391035 0.49421371271568876 0.720582017877726
vn 0.48632733662501487 0.4942135723813422 0.7205821719452206
vn -0.6802927184796661 0.2785921864704417 -0.6779293553322238
vn -0.7364944219217462 0.33991745056974476 -0.5848350992171367
vn 0.7960013248416342 0.3564751374137783 -0.48919052245131556
vn 0.8810312649712103 0.21844004813277976 -0.4196044035934063
vn -0.4969879533071327 2.134960486535711e-7 -0.8677574397650196
vn -0.6567108410859603 0.3747706625729705 -0.6544293863166502
vn 0.6178978375667623 0.4071962550073439 -0.6726020162312282
vn 0.8519717429528864 1.2881931533489987e-7 -0.5235877664821862
vn -0.9688472324843452 0.09747302521704919 -0.2276709236210495
vn 0.9988789863477971 0.04690117497501588 0.006407060071544978
vn -0.96765398874491 -0.10926707105793636 -0.2273905566387616
vn -0.9662873938490445 0.18831939006577963 -0.1755690172373083
vn 0.9987364235579729 -0.026204524840314488 0.042882154056468745
vn 0.9842576576344191 0.1766267411539875 0.006313295282903866
vn 5.4983573764476944e-11 -0.9999999999999869 -1.6294750887442904e-7
vn -7.181473251744667e-12 -0.9999999999999869 -1.6296458703045005e-7
vn -1.08559978395666e-11 -0.9999999999999869 -1.629264597630773e-7
vn 3.964802185719351e-11 -0.9999999999999868 -1.6275753550082492e-7
usemtl m_b5c3e43b-6427-c3d8-3693-bb7537bae309
f 306/859/287 307/860/287 308/861/287
f 306/862/288 308/863/288 309/864/288
f 309/865/289 308/866/289 310/867/289
f 309/868/290 310/869/290 311/870/290
f 307/871/291 312/872/291 313/873/291
f 307/874/292 313/875/292 308/876/292
f 308/877/293 313/878/293 314/879/293
f 308/880/294 314/881/294 310/882/294
f 315/883/295 316/884/295 317/885/295
f 315/886/296 317/887/296 306/888/296
f 311/889/297 318/890/297 319/891/297
f 311/892/298 319/893/298 320/894/298
f 316/895/299 321/896/299 322/897/299
f 316/898/300 322/899/300 317/900/300
f 318/901/301 323/902/301 324/903/301
f 318/904/302 324/905/302 319/906/302
f 306/907/303 317/908/303 307/909/303
f 311/910/304 310/911/304 318/912/304
f 312/913/305 307/914/305 317/915/305
f 312/916/306 317/917/306 322/918/306
f 310/919/307 314/920/307 323/921/307
f 310/922/308 323/923/308 318/924/308
f 325/925/309 326/926/309 327/927/309
f 328/928/310 326/929/310 329/930/310
f 326/931/311 328/932/311 327/933/311
f 330/934/312 325/935/312 327/936/312
o mesh
v 0.17868326604366302 0.5411403179168701 -0.00011692588304867968
v 0.1665661782026291 0.08281177282333374 0.03617073595523834
v 0.13613757491111755 -0.00011111401545349509 0.15290111303329468
v 0.26660260558128357 1.459716796875 -0.018956627696752548
v 0.7179907560348511 1.0976096391677856 0.031317468732595444
v 0.6824839115142822 1.0859795808792114 0.012651651166379452
v 0.0023041963577270508 1.636881947517395 0.1317386031150818
v -0.07690979540348053 0.9056359529495239 0.11891264468431473
v -0.1198468878865242 0.5501641035079956 0.0766880065202713
v -0.07010190933942795 0.5411403179168701 0.0066858017817139626
v 0.0023041963577270508 0.8352065682411194 1.3607242976831913e-7
v -0.1147104874253273 0.543198823928833 -0.04828232154250145
v -0.07966272532939911 0.906399667263031 -0.07630778104066849
v -0.06744098663330078 0.4776773750782013 0.009361645206809044
v -0.13147325813770294 0.08281178027391434 0.007653817068785429
v -0.15651945769786835 0.08281178772449493 -0.0449349619448185
v -0.12050182372331619 0.4603220224380493 -0.06298427283763885
v -0.18275167047977448 0.5094088315963745 -0.001080871094018221
v -0.1914246678352356 0.4776773750782013 -0.0023155203089118004
v -0.13080643117427826 0.46313750743865967 0.06765937805175781
v -0.12522464990615845 0.5109128355979919 0.07949864119291306
v -0.06874740123748779 0.5094088315963745 0.007984518073499203
v -0.11707162111997604 0.5102392435073853 -0.05272803083062172
v -0.12050182372331619 0.4603220224380493 -0.06298427283763885
v -0.11707162111997604 0.5102392435073853 -0.05272803083062172
v -0.19424428045749664 0.08281178027391434 0.0025726500898599625
v -0.161957785487175 0.08281177282333374 0.03617073595523834
v -0.15651945769786835 0.08281178772449493 -0.0449349619448185
v -0.1147104874253273 0.543198823928833 -0.04828232154250145
v -0.17407487332820892 0.5411403179168701 -0.00011692588304867968
v -0.19424428045749664 0.08281178027391434 0.0025726500898599625
v -0.12326423823833466 -0.00011108264880022034 -0.03959154337644577
v -0.26199421286582947 1.459716796875 -0.018956627696752548
v -0.6363286375999451 1.1464587450027466 0.024762187153100967
v -0.7181607484817505 1.0924980640411377 -0.06780418008565903
v -0.17497697472572327 0.9451385140419006 0.01807738095521927
v -0.07966272532939911 0.906399667263031 -0.07630778104066849
v 0.0023041963577270508 1.316401481628418 0.15079516172409058
vt 0.48697876930236816 0.16597092151641846
vt 0.6932893395423889 0.1671857237815857
vt 0.6992111206054688 0.21754539012908936
vt 0.48697876930236816 0.16597092151641846
vt 0.6992111206054688 0.21754539012908936
vt 0.5254502296447754 0.24175775051116943
vt 0.5254502296447754 0.24175775051116943
vt 0.6992111206054688 0.21754539012908936
vt 0.7035791277885437 0.25769591331481934
vt 0.5254502296447754 0.24175775051116943
vt 0.7035791277885437 0.25769591331481934
vt 0.505698025226593 0.31366294622421265
vt 0.7342470288276672 0.21362197399139404
vt 0.9512110352516174 0.19443368911743164
vt 0.956401526927948 0.22606110572814941
vt 0.7342470288276672 0.21362197399139404
vt 0.956401526927948 0.22606110572814941
vt 0.7503322958946228 0.26033085584640503
vt 0.7272252440452576 0.1153835654258728
vt 0.7446861267089844 0.1170663833618164
vt 0.7416201233863831 0.1674422025680542
vt 0.7272252440452576 0.1153835654258728
vt 0.7416201233863831 0.1674422025680542
vt 0.7151197791099548 0.16723227500915527
vt 0.7151197791099548 0.16723227500915527
vt 0.7416201233863831 0.1674422025680542
vt 0.7342470288276672 0.21362197399139404
vt 0.7151197791099548 0.16723227500915527
vt 0.7342470288276672 0.21362197399139404
vt 0.7168476581573486 0.21563327312469482
vt 0.7262760400772095 0.06813961267471313
vt 0.7562606930732727 0.06660711765289307
vt 0.7446861267089844 0.1170663833618164
vt 0.7262760400772095 0.06813961267471313
vt 0.7446861267089844 0.1170663833618164
vt 0.7272252440452576 0.1153835654258728
vt 0.7168476581573486 0.21563327312469482
vt 0.7342470288276672 0.21362197399139404
vt 0.7503322958946228 0.26033085584640503
vt 0.7168476581573486 0.21563327312469482
vt 0.7503322958946228 0.26033085584640503
vt 0.7216851115226746 0.2582430839538574
vt 0.7446861267089844 0.1170663833618164
vt 0.9553110599517822 0.1477748155593872
vt 0.951783299446106 0.17228305339813232
vt 0.7446861267089844 0.1170663833618164
vt 0.951783299446106 0.17228305339813232
vt 0.7416201233863831 0.1674422025680542
vt 0.7562606930732727 0.06660711765289307
vt 0.9598237872123718 0.11466008424758911
vt 0.9553110599517822 0.1477748155593872
vt 0.7562606930732727 0.06660711765289307
vt 0.9553110599517822 0.1477748155593872
vt 0.7446861267089844 0.1170663833618164
vt 0.7416201233863831 0.1674422025680542
vt 0.951783299446106 0.17228305339813232
vt 0.9512110352516174 0.19443368911743164
vt 0.7416201233863831 0.1674422025680542
vt 0.9512110352516174 0.19443368911743164
vt 0.7342470288276672 0.21362197399139404
vt 0.6992111206054688 0.21754539012908936
vt 0.7168476581573486 0.21563327312469482
vt 0.7216851115226746 0.2582430839538574
vt 0.6992111206054688 0.21754539012908936
vt 0.7216851115226746 0.2582430839538574
vt 0.7035791277885437 0.25769591331481934
vt 0.7080414891242981 0.0684247612953186
vt 0.7262760400772095 0.06813961267471313
vt 0.7272252440452576 0.1153835654258728
vt 0.7080414891242981 0.0684247612953186
vt 0.7272252440452576 0.1153835654258728
vt 0.7078506946563721 0.11335504055023193
vt 0.6932893395423889 0.1671857237815857
vt 0.7151197791099548 0.16723227500915527
vt 0.7168476581573486 0.21563327312469482
vt 0.6932893395423889 0.1671857237815857
vt 0.7168476581573486 0.21563327312469482
vt 0.6992111206054688 0.21754539012908936
vt 0.7078506946563721 0.11335504055023193
vt 0.7272252440452576 0.1153835654258728
vt 0.7151197791099548 0.16723227500915527
vt 0.7078506946563721 0.11335504055023193
vt 0.7151197791099548 0.16723227500915527
vt 0.6932893395423889 0.1671857237815857
vt 0.7078506946563721 0.11335504055023193
vt 0.6932893395423889 0.1671857237815857
vt 0.48697876930236816 0.16597092151641846
vt 0.7078506946563721 0.11335504055023193
vt 0.48697876930236816 0.16597092151641846
vt 0.4773334264755249 0.08831566572189331
vt 0.5073803067207336 0.01973283290863037
vt 0.7080414891242981 0.0684247612953186
vt 0.7078506946563721 0.11335504055023193
vt 0.5073803067207336 0.01973283290863037
vt 0.7078506946563721 0.11335504055023193
vt 0.4773334264755249 0.08831566572189331
vn 0.7937237313300916 -0.16540470560268514 0.5853579432175886
vn 0.7683433082087183 -0.1751886958793449 0.6155952254257475
vn 0.757019561313437 -0.20053431164183855 -0.6218580011892955
vn 0.618849751379019 -0.11962195970362491 -0.7763475845101797
vn 0.8935479413766013 -0.1430590865150089 -0.4255657108216417
vn 0.8137539715607257 -0.10497043142227666 -0.5716517141548398
vn -0.7264400635021693 0.17267232749361283 0.665183509609869
vn -0.8124632813693359 -0.04904165232002813 0.580946067001312
vn 0.6860377211246088 -0.2495171984909339 0.6834423259144765
vn 0.7840153485582146 0.05909612858179216 0.6179219860239525
vn -0.6082827289973014 0.1996387794065926 -0.7682034101464544
vn -0.607664616957624 0.1960352341085676 -0.7696193216686698
vn 0.8054918536383536 0.0074461056967766465 -0.5925600638181766
vn 0.7807683827797135 0.07382675893025757 -0.6204436655470056
vn -0.7209726612707718 0.013724981167101637 0.6928275734929318
vn -0.7550322181609868 0.007559133973833044 0.6556441176678592
vn -0.782334215949588 0.04493905491532458 -0.6212355880806096
vn -0.6507000159404118 -0.004753424193048836 -0.759320020948736
vn 0.6785632892043186 -0.11563635695658704 0.7253827234598471
vn 0.6867133102745233 -0.11446374440678783 0.717859931120399
vn 0.7824399807034695 0.007914605887867293 -0.6226757066165293
vn 0.7766839664007013 0.02923090449526728 -0.6292118646040162
vn -0.6124252481368296 0.14860101706581322 -0.7764361230465444
vn -0.6222172213945502 0.19318771679793972 -0.7586331362908193
vn 0.782586674970851 -0.06287118198764077 0.6193587899057742
vn 0.8172916869065537 0.05835003053293092 0.5732622196257536
vn -0.7989935812938211 0.20126627616705833 0.5666578713201816
vn -0.8157575003405229 0.1517319001092329 0.5581371974052828
vn -0.8182130026003288 0.03063700956234032 0.574098298221508
vn -0.7228667962875653 -0.032698294349623236 0.6902133122242551
vn -0.63007352421619 0.0008808275074398226 -0.7765349819709942
vn -0.6969739244558593 0.030708956643901348 -0.7164386286420081
usemtl m_b5c3e43b-6427-c3d8-3693-bb7537bae309
f 341/937/313 342/938/313 343/939/313
f 341/940/314 343/941/314 344/942/314
f 344/943/315 343/944/315 345/945/315
f 344/946/316 345/947/316 346/948/316
f 347/949/317 348/950/317 349/951/317
f 347/952/318 349/953/318 350/954/318
f 351/955/319 352/956/319 353/957/319
f 351/958/320 353/959/320 354/960/320
f 354/961/321 353/962/321 347/963/321
f 354/964/322 347/965/322 355/966/322
f 356/967/323 357/968/323 352/969/323
f 356/970/324 352/971/324 351/972/324
f 355/973/325 347/974/325 350/975/325
f 355/976/326 350/977/326 358/978/326
f 352/979/327 359/980/327 360/981/327
f 352/982/328 360/983/328 353/984/328
f 357/985/329 361/986/329 359/987/329
f 357/988/330 359/989/330 352/990/330
f 353/991/331 360/992/331 348/993/331
f 353/994/332 348/995/332 347/996/332
f 343/997/333 355/998/333 358/999/333
f 343/1000/334 358/1001/334 345/1002/334
f 362/1003/335 356/1004/335 351/1005/335
f 362/1006/336 351/1007/336 363/1008/336
f 342/1009/337 354/1010/337 355/1011/337
f 342/1012/338 355/1013/338 343/1014/338
f 363/1015/339 351/1016/339 354/1017/339
f 363/1018/340 354/1019/340 342/1020/340
f 363/1021/341 342/1022/341 341/1023/341
f 363/1024/342 341/1025/342 369/1026/342
f 370/1027/343 362/1028/343 363/1029/343
f 370/1030/344 363/1031/344 369/1032/344
o mesh
v 0.17868326604366302 0.5411403179168701 -0.00011692588304867968
v 0.19885267317295074 0.08281178027391434 0.0025726500898599625
v 0.1665661782026291 0.08281177282333374 0.03617073595523834
v 0.1754186600446701 0.030171865597367287 0.15864259004592896
v 0.23210565745830536 0.030171871185302734 0.12154300510883331
v 0.13608165085315704 0.08281178027391434 0.007653817068785429
v 0.13440091907978058 0.030171871185302734 0.13095934689044952
v 0.1771553009748459 -0.00011111852654721588 0.1805843561887741
v 0.23384225368499756 -0.00011111248022643849 0.14348480105400085
v 0.13613757491111755 -0.00011111401545349509 0.15290111303329468
v 0.16112785041332245 0.08281178772449493 -0.0449349619448185
v 0.19616304337978363 0.030171897262334824 -0.031409770250320435
v 0.15926799178123474 0.03017190285027027 -0.06843344122171402
v 0.16112785041332245 0.08281178772449493 -0.0449349619448185
v 0.15926799178123474 0.03017190285027027 -0.06843344122171402
v 0.13339203596115112 0.030171895399689674 -0.026328593492507935
v 0.1995273232460022 -0.00011108171020168811 -0.045375850051641464
v 0.15926799178123474 -0.00011107795580755919 -0.06843344867229462
v 0.15926799178123474 -0.00011107795580755919 -0.06843344867229462
v 0.12787263095378876 -0.00011108264880022034 -0.03959154337644577
v 0.12787263095378876 -0.00011108264880022034 -0.03959154337644577
v 0.1995273232460022 -0.00011108171020168811 -0.045375850051641464
v 0.13613757491111755 -0.00011111401545349509 0.15290111303329468
v 0.23384225368499756 -0.00011111248022643849 0.14348480105400085
v 0.1771553009748459 -0.00011111852654721588 0.1805843561887741
v 0.15926799178123474 -0.00011107795580755919 -0.06843344867229462
v 0.055855412036180496 1.513409972190857 0.05124518647789955
v 0.26660260558128357 1.459716796875 -0.018956627696752548
v 0.6409370303153992 1.1464587450027466 0.024762187153100967
v 0.7227691411972046 1.0924980640411377 -0.06780418008565903
v 0.0023041963577270508 1.636881947517395 0.1317386031150818
v -0.17407487332820892 0.5411403179168701 -0.00011692588304867968
v -0.161957785487175 0.08281177282333374 0.03617073595523834
v -0.12326423823833466 -0.00011108264880022034 -0.03959154337644577
v -0.26199421286582947 1.459716796875 -0.018956627696752548
v -0.6363286375999451 1.1464587450027466 0.024762187153100967
v -0.6778755187988281 1.0859795808792114 0.012651651166379452
vt 0.8452650308609009 0.3452107906341553
vt 0.833003580570221 0.32530832290649414
vt 0.7736629843711853 0.32367944717407227
vt 0.8452650308609009 0.3452107906341553
vt 0.7736629843711853 0.32367944717407227
vt 0.7859440445899963 0.3486241102218628
vt 0.833003580570221 0.32530832290649414
vt 0.8465391993522644 0.309736967086792
vt 0.7859324216842651 0.30689454078674316
vt 0.833003580570221 0.32530832290649414
vt 0.7859324216842651 0.30689454078674316
vt 0.7736629843711853 0.32367944717407227
vt 0.7859440445899963 0.3486241102218628
vt 0.7736629843711853 0.32367944717407227
vt 0.7557722330093384 0.32294172048568726
vt 0.7859440445899963 0.3486241102218628
vt 0.7557722330093384 0.32294172048568726
vt 0.7689141035079956 0.3550325632095337
vt 0.7736629843711853 0.32367944717407227
vt 0.7859324216842651 0.30689454078674316
vt 0.7688227891921997 0.3000839948654175
vt 0.7736629843711853 0.32367944717407227
vt 0.7688227891921997 0.3000839948654175
vt 0.7557722330093384 0.32294172048568726
vt 0.8746367692947388 0.35432302951812744
vt 0.8452650308609009 0.3452107906341553
vt 0.8506007790565491 0.3766270875930786
vt 0.8746367692947388 0.35432302951812744
vt 0.8506007790565491 0.3766270875930786
vt 0.876147985458374 0.3834843039512634
vt 0.8465391993522644 0.309736967086792
vt 0.8744834661483765 0.30068981647491455
vt 0.876147985458374 0.27170127630233765
vt 0.8465391993522644 0.309736967086792
vt 0.876147985458374 0.27170127630233765
vt 0.8521569967269897 0.2784285545349121
vt 0.876147985458374 0.3834843039512634
vt 0.8506007790565491 0.3766270875930786
vt 0.850001871585846 0.3935279846191406
vt 0.876147985458374 0.3834843039512634
vt 0.850001871585846 0.3935279846191406
vt 0.8729336857795715 0.3984524607658386
vt 0.8521569967269897 0.2784285545349121
vt 0.876147985458374 0.27170127630233765
vt 0.8727824687957764 0.25686824321746826
vt 0.8521569967269897 0.2784285545349121
vt 0.8727824687957764 0.25686824321746826
vt 0.8519004583358765 0.2616063356399536
vt 0.8452650308609009 0.3452107906341553
vt 0.7859440445899963 0.3486241102218628
vt 0.8506007790565491 0.3766270875930786
vt 0.8465391993522644 0.309736967086792
vt 0.8521569967269897 0.2784285545349121
vt 0.7859324216842651 0.30689454078674316
vt 0.7689141035079956 0.3550325632095337
vt 0.850001871585846 0.3935279846191406
vt 0.8506007790565491 0.3766270875930786
vt 0.7689141035079956 0.3550325632095337
vt 0.8506007790565491 0.3766270875930786
vt 0.7859440445899963 0.3486241102218628
vt 0.7859324216842651 0.30689454078674316
vt 0.8521569967269897 0.2784285545349121
vt 0.8519004583358765 0.2616063356399536
vt 0.7859324216842651 0.30689454078674316
vt 0.8519004583358765 0.2616063356399536
vt 0.7688227891921997 0.3000839948654175
vt 0.9028462767601013 0.2769521474838257
vt 0.9366252422332764 0.28031349182128906
vt 0.8904368877410889 0.3670816421508789
vt 0.9366252422332764 0.3709545135498047
vt 0.907156765460968 0.3834056258201599
vt 0.8904368877410889 0.3670816421508789
vt 0.8904368877410889 0.3670816421508789
vt 0.9366252422332764 0.28031349182128906
vt 0.9366252422332764 0.3709545135498047
vt 0.9198672771453857 0.266202449798584
vt 0.9366252422332764 0.28031349182128906
vt 0.9028462767601013 0.2769521474838257
vn 0.36031892768987833 0.8661865010445878 0.34625310938177967
vn 0.2234826727112552 0.912935143716291 0.34147462331123407
vn -0.3415139539614374 0.8660752386572953 0.36507793720565257
vn -0.2677597560503818 0.878012660516504 0.3967347741408239
vn 0.46172616619308315 0.53765629586663 0.7055031218695013
vn 0.4617261524136799 0.537656312998183 0.7055031178318485
vn -0.48632733662501487 0.4942135723813422 0.7205821719452206
vn -0.48632742229391035 0.49421371271568876 0.720582017877726
vn 0.7364944219217462 0.33991745056974476 -0.5848350992171367
vn 0.6802927184796661 0.2785921864704417 -0.6779293553322238
vn -0.8810312649712103 0.21844004813277976 -0.4196044035934063
vn -0.7960013248416342 0.3564751374137783 -0.48919052245131556
vn 0.6567108410859603 0.3747706625729705 -0.6544293863166502
vn 0.4969879533071327 2.134960486535711e-7 -0.8677574397650196
vn -0.8519717429528864 1.2881931533489987e-7 -0.5235877664821862
vn -0.6178978375667623 0.4071962550073439 -0.6726020162312282
vn 0.9688472324843452 0.09747302521704919 -0.2276709236210495
vn -0.9988789863477971 0.04690117497501588 0.006407060071544978
vn 0.9662873938490445 0.18831939006577963 -0.1755690172373083
vn 0.96765398874491 -0.10926707105793636 -0.2273905566387616
vn -0.9842576576344191 0.1766267411539875 0.006313295282903866
vn -0.9987364235579729 -0.026204524840314488 0.042882154056468745
vn -5.4983573764476944e-11 -0.9999999999999869 -1.6294750887442904e-7
vn 7.181473251744667e-12 -0.9999999999999869 -1.6296458703045005e-7
vn 1.08559978395666e-11 -0.9999999999999869 -1.629264597630773e-7
vn -3.964802185719351e-11 -0.9999999999999868 -1.6275753550082492e-7
usemtl m_b5c3e43b-6427-c3d8-3693-bb7537bae309
f 373/1033/345 374/1034/345 375/1035/345
f 373/1036/346 375/1037/346 376/1038/346
f 374/1039/347 377/1040/347 378/1041/347
f 374/1042/348 378/1043/348 375/1044/348
f 376/1045/349 375/1046/349 379/1047/349
f 376/1048/350 379/1049/350 380/1050/350
f 375/1051/351 378/1052/351 381/1053/351
f 375/1054/352 381/1055/352 379/1056/352
f 382/1057/353 373/1058/353 383/1059/353
f 382/1060/354 383/1061/354 384/1062/354
f 377/1063/355 385/1064/355 386/1065/355
f 377/1066/356 386/1067/356 387/1068/356
f 384/1069/357 383/1070/357 388/1071/357
f 384/1072/358 388/1073/358 389/1074/358
f 387/1075/359 386/1076/359 390/1077/359
f 387/1078/360 390/1079/360 391/1080/360
f 373/1081/361 376/1082/361 383/1083/361
f 377/1084/362 387/1085/362 378/1086/362
f 380/1087/363 388/1088/363 383/1089/363
f 380/1090/364 383/1091/364 376/1092/364
f 378/1093/365 387/1094/365 391/1095/365
f 378/1096/366 391/1097/366 381/1098/366
f 392/1099/367 393/1100/367 394/1101/367
f 395/1102/368 396/1103/368 394/1104/368
f 394/1105/369 393/1106/369 395/1107/369
f 397/1108/370 393/1109/370 392/1110/370
o mesh
v 0.08151818811893463 0.9056359529495239 0.11891264468431473
v 0.0023041963577270508 0.8352065682411194 1.3607242976831913e-7
v 0.07471030205488205 0.5411403179168701 0.0066858017817139626
v 0.1244552806019783 0.5501641035079956 0.0766880065202713
v 0.08427111804485321 0.906399667263031 -0.07630778104066849
v 0.1193188801407814 0.543198823928833 -0.04828232154250145
v 0.07204937934875488 0.4776773750782013 0.009361645206809044
v 0.1251102164387703 0.4603220224380493 -0.06298427283763885
v 0.16112785041332245 0.08281178772449493 -0.0449349619448185
v 0.13608165085315704 0.08281178027391434 0.007653817068785429
v 0.18736006319522858 0.5094088315963745 -0.001080871094018221
v 0.12983304262161255 0.5109128355979919 0.07949864119291306
v 0.13541482388973236 0.46313750743865967 0.06765937805175781
v 0.1960330605506897 0.4776773750782013 -0.0023155203089118004
v 0.0733557939529419 0.5094088315963745 0.007984518073499203
v 0.12168001383543015 0.5102392435073853 -0.05272803083062172
v 0.1251102164387703 0.4603220224380493 -0.06298427283763885
v 0.12168001383543015 0.5102392435073853 -0.05272803083062172
v 0.1665661782026291 0.08281177282333374 0.03617073595523834
v 0.19885267317295074 0.08281178027391434 0.0025726500898599625
v 0.16112785041332245 0.08281178772449493 -0.0449349619448185
v 0.1193188801407814 0.543198823928833 -0.04828232154250145
v 0.17868326604366302 0.5411403179168701 -0.00011692588304867968
v 0.1665661782026291 0.08281177282333374 0.03617073595523834
v 0.13613757491111755 -0.00011111401545349509 0.15290111303329468
v 0.055855412036180496 1.513409972190857 0.05124518647789955
v 0.26660260558128357 1.459716796875 -0.018956627696752548
v 0.6409370303153992 1.1464587450027466 0.024762187153100967
v 0.7227691411972046 1.0924980640411377 -0.06780418008565903
v 0.0023041963577270508 1.636881947517395 0.1317386031150818
v 0.17958536744117737 0.9451385140419006 0.01807738095521927
v 0.08427111804485321 0.906399667263031 -0.07630778104066849
v -0.17407487332820892 0.5411403179168701 -0.00011692588304867968
v -0.161957785487175 0.08281177282333374 0.03617073595523834
v -0.13152918219566345 -0.00011111401545349509 0.15290111303329468
v -0.26199421286582947 1.459716796875 -0.018956627696752548
v -0.6363286375999451 1.1464587450027466 0.024762187153100967
v -0.6778755187988281 1.0859795808792114 0.012651651166379452
vt 0.48413941264152527 0.4799284338951111
vt 0.5247988700866699 0.4052926301956177
vt 0.6977819800376892 0.43454891443252563
vt 0.48413941264152527 0.4799284338951111
vt 0.6977819800376892 0.43454891443252563
vt 0.6903981566429138 0.48471498489379883
vt 0.5247988700866699 0.4052926301956177
vt 0.5071465373039246 0.3328433036804199
vt 0.7033160924911499 0.3945423364639282
vt 0.5247988700866699 0.4052926301956177
vt 0.7033160924911499 0.3945423364639282
vt 0.6977819800376892 0.43454891443252563
vt 0.7326892614364624 0.4394897222518921
vt 0.7501261830329895 0.3932684659957886
vt 0.9551115036010742 0.4335179328918457
vt 0.7326892614364624 0.4394897222518921
vt 0.9551115036010742 0.4335179328918457
vt 0.9490031599998474 0.4649808406829834
vt 0.722812831401825 0.5374822616577148
vt 0.7122206687927246 0.4853034019470215
vt 0.7387157678604126 0.48586440086364746
vt 0.722812831401825 0.5374822616577148
vt 0.7387157678604126 0.48586440086364746
vt 0.7403152585029602 0.5363080501556396
vt 0.7122206687927246 0.4853034019470215
vt 0.7153555750846863 0.4369732141494751
vt 0.7326892614364624 0.4394897222518921
vt 0.7122206687927246 0.4853034019470215
vt 0.7326892614364624 0.4394897222518921
vt 0.7387157678604126 0.48586440086364746
vt 0.7204899191856384 0.5846785306930542
vt 0.722812831401825 0.5374822616577148
vt 0.7403152585029602 0.5363080501556396
vt 0.7204899191856384 0.5846785306930542
vt 0.7403152585029602 0.5363080501556396
vt 0.7504172325134277 0.5870826244354248
vt 0.7153555750846863 0.4369732141494751
vt 0.7214304208755493 0.39452195167541504
vt 0.7501261830329895 0.3932684659957886
vt 0.7153555750846863 0.4369732141494751
vt 0.7501261830329895 0.3932684659957886
vt 0.7326892614364624 0.4394897222518921
vt 0.7403152585029602 0.5363080501556396
vt 0.7387157678604126 0.48586440086364746
vt 0.9489308595657349 0.48713868856430054
vt 0.7403152585029602 0.5363080501556396
vt 0.9489308595657349 0.48713868856430054
vt 0.9517442584037781 0.5117389559745789
vt 0.7504172325134277 0.5870826244354248
vt 0.7403152585029602 0.5363080501556396
vt 0.9517442584037781 0.5117389559745789
vt 0.7504172325134277 0.5870826244354248
vt 0.9517442584037781 0.5117389559745789
vt 0.955291748046875 0.5449710488319397
vt 0.7387157678604126 0.48586440086364746
vt 0.7326892614364624 0.4394897222518921
vt 0.9490031599998474 0.4649808406829834
vt 0.7387157678604126 0.48586440086364746
vt 0.9490031599998474 0.4649808406829834
vt 0.9489308595657349 0.48713868856430054
vt 0.6977819800376892 0.43454891443252563
vt 0.7033160924911499 0.3945423364639282
vt 0.7214304208755493 0.39452195167541504
vt 0.6977819800376892 0.43454891443252563
vt 0.7214304208755493 0.39452195167541504
vt 0.7153555750846863 0.4369732141494751
vt 0.7022712826728821 0.5838632583618164
vt 0.703387439250946 0.5389464497566223
vt 0.722812831401825 0.5374822616577148
vt 0.7022712826728821 0.5838632583618164
vt 0.722812831401825 0.5374822616577148
vt 0.7204899191856384 0.5846785306930542
vt 0.6903981566429138 0.48471498489379883
vt 0.6977819800376892 0.43454891443252563
vt 0.7153555750846863 0.4369732141494751
vt 0.6903981566429138 0.48471498489379883
vt 0.7153555750846863 0.4369732141494751
vt 0.7122206687927246 0.4853034019470215
vt 0.703387439250946 0.5389464497566223
vt 0.6903981566429138 0.48471498489379883
vt 0.7122206687927246 0.4853034019470215
vt 0.703387439250946 0.5389464497566223
vt 0.7122206687927246 0.4853034019470215
vt 0.722812831401825 0.5374822616577148
vt 0.703387439250946 0.5389464497566223
vt 0.47223931550979614 0.5572702884674072
vt 0.48413941264152527 0.4799284338951111
vt 0.703387439250946 0.5389464497566223
vt 0.48413941264152527 0.4799284338951111
vt 0.6903981566429138 0.48471498489379883
vt 0.5002787113189697 0.6266981363296509
vt 0.47223931550979614 0.5572702884674072
vt 0.703387439250946 0.5389464497566223
vt 0.5002787113189697 0.6266981363296509
vt 0.703387439250946 0.5389464497566223
vt 0.7022712826728821 0.5838632583618164
vn -0.7683433082087183 -0.1751886958793449 0.6155952254257475
vn -0.7937237313300916 -0.16540470560268514 0.5853579432175886
vn -0.618849751379019 -0.11962195970362491 -0.7763475845101797
vn -0.757019561313437 -0.20053431164183855 -0.6218580011892955
vn -0.8137539715607257 -0.10497043142227666 -0.5716517141548398
vn -0.8935479413766013 -0.1430590865150089 -0.4255657108216417
vn 0.8124632813693359 -0.04904165232002813 0.580946067001312
vn 0.7264400635021693 0.17267232749361283 0.665183509609869
vn -0.7840153485582146 0.05909612858179216 0.6179219860239525
vn -0.6860377211246088 -0.2495171984909339 0.6834423259144765
vn 0.607664616957624 0.1960352341085676 -0.7696193216686698
vn 0.6082827289973014 0.1996387794065926 -0.7682034101464544
vn -0.7807683827797135 0.07382675893025757 -0.6204436655470056
vn -0.8054918536383536 0.0074461056967766465 -0.5925600638181766
vn 0.7550322181609868 0.007559133973833044 0.6556441176678592
vn 0.7209726612707718 0.013724981167101637 0.6928275734929318
vn 0.6507000159404118 -0.004753424193048836 -0.759320020948736
vn 0.782334215949588 0.04493905491532458 -0.6212355880806096
vn -0.6867133102745233 -0.11446374440678783 0.717859931120399
vn -0.6785632892043186 -0.11563635695658704 0.7253827234598471
vn -0.7766839664007013 0.02923090449526728 -0.6292118646040162
vn -0.7824399807034695 0.007914605887867293 -0.6226757066165293
vn 0.6222172213945502 0.19318771679793972 -0.7586331362908193
vn 0.6124252481368296 0.14860101706581322 -0.7764361230465444
vn -0.8172916869065537 0.05835003053293092 0.5732622196257536
vn -0.782586674970851 -0.06287118198764077 0.6193587899057742
vn 0.8157575003405229 0.1517319001092329 0.5581371974052828
vn 0.7989935812938211 0.20126627616705833 0.5666578713201816
vn 0.7228667962875653 -0.032698294349623236 0.6902133122242551
vn 0.8182130026003288 0.03063700956234032 0.574098298221508
vn 0.6969739244558593 0.030708956643901348 -0.7164386286420081
vn 0.63007352421619 0.0008808275074398226 -0.7765349819709942
usemtl m_b5c3e43b-6427-c3d8-3693-bb7537bae309
f 409/1111/371 410/1112/371 411/1113/371
f 409/1114/372 411/1115/372 412/1116/372
f 410/1117/373 413/1118/373 414/1119/373
f 410/1120/374 414/1121/374 411/1122/374
f 415/1123/375 416/1124/375 417/1125/375
f 415/1126/376 417/1127/376 418/1128/376
f 419/1129/377 420/1130/377 421/1131/377
f 419/1132/378 421/1133/378 422/1134/378
f 420/1135/379 423/1136/379 415/1137/379
f 420/1138/380 415/1139/380 421/1140/380
f 424/1141/381 419/1142/381 422/1143/381
f 424/1144/382 422/1145/382 425/1146/382
f 423/1147/383 426/1148/383 416/1149/383
f 423/1150/384 416/1151/384 415/1152/384
f 422/1153/385 421/1154/385 427/1155/385
f 422/1156/386 427/1157/386 428/1158/386
f 425/1159/387 422/1160/387 428/1161/387
f 425/1162/388 428/1163/388 429/1164/388
f 421/1165/389 415/1166/389 418/1167/389
f 421/1168/390 418/1169/390 427/1170/390
f 411/1171/391 414/1172/391 426/1173/391
f 411/1174/392 426/1175/392 423/1176/392
f 430/1177/393 431/1178/393 419/1179/393
f 430/1180/394 419/1181/394 424/1182/394
f 412/1183/395 411/1184/395 423/1185/395
f 412/1186/396 423/1187/396 420/1188/396
f 431/1189/397 412/1190/397 420/1191/397
f 431/1192/398 420/1193/398 419/1194/398
f 431/1195/399 439/1196/399 409/1197/399
f 431/1198/400 409/1199/400 412/1200/400
f 440/1201/401 439/1202/401 431/1203/401
f 440/1204/402 431/1205/402 430/1206/402